"spotID","cluster_label"
"AAACAAGTATCTCCCA-1","3"
"AAACAATCTACTAGCA-1","6"
"AAACACCAATAACTGC-1","9"
"AAACAGAGCGACTCCT-1","0"
"AAACAGCTTTCAGAAG-1","10"
"AAACAGGGTCTATATT-1","4"
"AAACAGTGTTCCTGGG-1","4"
"AAACATTTCCCGGATT-1","3"
"AAACCCGAACGAAATC-1","3"
"AAACCGGGTAGGTACC-1","6"
"AAACCGTTCGTCCAGG-1","7"
"AAACCTAAGCAGCCGG-1","2"
"AAACCTCATGAAGTTG-1","1"
"AAACGAAGAACATACC-1","3"
"AAACGAGACGGTTGAT-1","2"
"AAACGGGCGTACGGGT-1","0"
"AAACGGTTGCGAACTG-1","3"
"AAACTCGGTTCGCAAT-1","10"
"AAACTCGTGATATAAG-1","3"
"AAACTGCTGGCTCCAA-1","2"
"AAACTTAATTGCACGC-1","7"
"AAACTTGCAAACGTAT-1","6"
"AAAGACATGAAGTTTA-1","10"
"AAAGACCCAAGTCGCG-1","0"
"AAAGACTGGGCGCTTT-1","0"
"AAAGGCCCTATAATAC-1","7"
"AAAGGCTACGGACCAT-1","8"
"AAAGGCTCTCGCGCCG-1","4"
"AAAGGGATGTAGCAAG-1","2"
"AAAGGGCAGCTTGAAT-1","5"
"AAAGGTAAGCTGTACC-1","10"
"AAAGTAGCATTGCTCA-1","7"
"AAAGTCACTGATGTAA-1","0"
"AAAGTCGACCCTCAGT-1","1"
"AAAGTGTGATTTATCT-1","0"
"AAAGTTGACTCCCGTA-1","3"
"AAATAACCATACGGGA-1","3"
"AAATAAGGTAGTGCCC-1","3"
"AAATACCTATAAGCAT-1","3"
"AAATAGCTTAGACTTT-1","2"
"AAATAGGGTGCTATTG-1","2"
"AAATCCGATACACGCC-1","3"
"AAATCGTGTACCACAA-1","4"
"AAATCTAGCCCTGCTA-1","0"
"AAATGATTCGATCAGC-1","3"
"AAATGCTCGTTACGTT-1","5"
"AAATGGCATGTCTTGT-1","5"
"AAATGGCCCGTGCCCT-1","4"
"AAATGGTCAATGTGCC-1","5"
"AAATGTGGGTGCTCCT-1","6"
"AAATTAACGGGTAGCT-1","2"
"AAATTACACGACTCTG-1","1"
"AAATTACCTATCGATG-1","0"
"AAATTGATAGTCCTTT-1","7"
"AAATTGCGGCGGTTCT-1","5"
"AAATTTACCGAAATCC-1","0"
"AAATTTGCGGGTGTGG-1","4"
"AACAACTGGTAGTTGC-1","1"
"AACAATACATTGTCGA-1","9"
"AACAATTACTCTACGC-1","5"
"AACACACGCTCGCCGC-1","0"
"AACACGACTGTACTGA-1","0"
"AACACGAGACGCGGCC-1","4"
"AACACGCGGCCGCGAA-1","6"
"AACAGCTGTGTGGCAA-1","9"
"AACAGGAAATCGAATA-1","0"
"AACAGGATGGGCCGCG-1","2"
"AACAGGTAGTATGGAT-1","3"
"AACATATCAACTGGTG-1","0"
"AACATCGATACGTCTA-1","10"
"AACATTGAAGTTGATC-1","7"
"AACATTGGTCAGCCGT-1","6"
"AACATTGTGACTCGAG-1","4"
"AACCAAGACTTCTCTG-1","5"
"AACCAGTATCACTCTT-1","0"
"AACCATAGGGTTGAAC-1","9"
"AACCATGGGATCGCTA-1","1"
"AACCCAGAGACGGAGA-1","0"
"AACCCATCCCATGATC-1","7"
"AACCCGACAACCCGTG-1","9"
"AACCCGAGCAGAATCG-1","3"
"AACCCTACTGTCAATA-1","0"
"AACCCTGGTGGAACCA-1","3"
"AACCGAGCTTGGTCAT-1","5"
"AACCGCTAAGGGATGC-1","3"
"AACCGTTGTGTTTGCT-1","3"
"AACCTAAAGCCGTCCG-1","3"
"AACCTCGCTTTAGCCC-1","2"
"AACCTTTAAATACGGT-1","2"
"AACCTTTACGACGTCT-1","1"
"AACGAAAGTCGTCCCA-1","9"
"AACGATAATGCCGTAG-1","10"
"AACGATAGAAGGGCCG-1","0"
"AACGATATGTCAACTG-1","1"
"AACGCATGATCTGGGT-1","3"
"AACGCGACCTTGGGCG-1","2"
"AACGCGGTCTCCAGCC-1","1"
"AACGCTGTTGCTGAAA-1","0"
"AACGGACGTACGTATA-1","3"
"AACGGCCATCTCCGGT-1","9"
"AACGTACTGTGGGTAC-1","7"
"AACGTAGTCTACCCAT-1","10"
"AACGTCAGACTAGTGG-1","1"
"AACGTGATGAAGGACA-1","0"
"AACGTGCGAAAGTCTC-1","8"
"AACTACCCGTTTGTCA-1","0"
"AACTAGCGTATCGCAC-1","6"
"AACTAGGCTTGGGTGT-1","6"
"AACTCAAGTTAATTGC-1","6"
"AACTCCAGAGCGTGTT-1","0"
"AACTCCTAATCCCATG-1","0"
"AACTCGATAAACACGT-1","5"
"AACTCGATGGCGCAGT-1","6"
"AACTCTCAATAGAGCG-1","3"
"AACTCTCAGTGTGCTC-1","9"
"AACTGATATTAGGCCT-1","1"
"AACTGGGTCCCGACGT-1","1"
"AACTGGGTTCGAGCCG-1","0"
"AACTGGTGTGGGCCTT-1","0"
"AACTTCTGCGTCTATC-1","5"
"AACTTGCCCGTATGCA-1","1"
"AACTTGCGTTCTCGCG-1","6"
"AACTTTAGCTGCTGAG-1","6"
"AAGAAGGATCAGTTAG-1","1"
"AAGACATACGTGGTTT-1","2"
"AAGACCAAATAACTCA-1","9"
"AAGACCCAACTGAACA-1","8"
"AAGACTAACCCGTTGT-1","6"
"AAGACTCACGCCCACT-1","0"
"AAGACTGCAAGCTACT-1","8"
"AAGAGATGAATCGGTA-1","5"
"AAGAGCTCTTTATCGG-1","8"
"AAGAGGATGTACGCGA-1","8"
"AAGAGGCATGGATCGC-1","8"
"AAGAGGCCCTTTGGAA-1","3"
"AAGATGGCACCGGACC-1","9"
"AAGATTGGCGGAACGT-1","2"
"AAGCACCCTGCGTATC-1","2"
"AAGCATACTCTCCTGA-1","2"
"AAGCCGAAGCGGTTTA-1","3"
"AAGCCGCCGTGAAATC-1","9"
"AAGCGCAGGGCTTTGA-1","1"
"AAGCGGCGTCATGGGT-1","0"
"AAGCGTCCCTCATCGA-1","4"
"AAGCTAGATCGAGTAA-1","8"
"AAGCTCGTGCCAAGTC-1","8"
"AAGCTCTTTCATGGTG-1","2"
"AAGGAGAACTTATAAG-1","10"
"AAGGAGCGGTTGGTGC-1","1"
"AAGGATCGATCGCTTG-1","3"
"AAGGATGAGGGACCTC-1","2"
"AAGGCAGGCTGTCTCC-1","0"
"AAGGCGCGTAAAGCTT-1","5"
"AAGGCTGTGCTCATCG-1","8"
"AAGGGAACGACTGGCT-1","9"
"AAGGGACAGATTCTGT-1","2"
"AAGGGACTATGCATTC-1","9"
"AAGGTATCCTAATATA-1","1"
"AAGGTGATAAACCAGC-1","0"
"AAGTAAGCTTCCAAAC-1","0"
"AAGTAGAAGACCGGGT-1","3"
"AAGTAGTGACGCGAGG-1","5"
"AAGTCAATTGTCGTCA-1","3"
"AAGTGACGACCGAATT-1","5"
"AAGTGAGTCGGGTTTA-1","4"
"AAGTGCAAAGGTAGAC-1","5"
"AAGTGCCTTGACTGTA-1","0"
"AAGTGCGTTAGAATCT-1","4"
"AAGTGCTTCTCTATTG-1","4"
"AAGTGTTTGGAGACGG-1","2"
"AAGTTCACTCCAAGCT-1","3"
"AAGTTCAGTCTGCGTA-1","3"
"AAGTTCGGCCAACAGG-1","9"
"AAGTTGTGATGTTATA-1","10"
"AAGTTTACTAATGGCA-1","0"
"AAGTTTATGGGCCCAA-1","2"
"AATAACAACGCTCGGC-1","2"
"AATAACACTAGAACAA-1","9"
"AATAAGTCCTCGAGAC-1","0"
"AATACAATGTTTCAGG-1","10"
"AATACCGGAGGGCTGT-1","9"
"AATACCTGATGTGAAC-1","5"
"AATAGAACAGAGTGGC-1","9"
"AATAGAATCTGTTTCA-1","2"
"AATAGCTACCGCGTGC-1","3"
"AATAGTCCGTCCCGAC-1","6"
"AATATCAAGGTCGGAT-1","5"
"AATATCGAATCAATGC-1","3"
"AATATCGAGGGTTCTC-1","0"
"AATATTGGAGTATTGA-1","1"
"AATCAGACTGCAGGAC-1","6"
"AATCATGTAAAGACTC-1","3"
"AATCCAAGGGCCTGAG-1","0"
"AATCCATGCAAGGGTG-1","6"
"AATCGCCTCAGCGCCA-1","2"
"AATCGCGCAGAGGACT-1","3"
"AATCGGGACACTACGA-1","1"
"AATCGGTATAGCCCTC-1","10"
"AATCGTGAGCCGAGCA-1","10"
"AATCTAGGTTTACTTG-1","4"
"AATCTATGCCGGAGCC-1","3"
"AATCTCTACTGTGGTT-1","6"
"AATCTGCGTTGGGACG-1","2"
"AATCTGGCTTTCTAGT-1","7"
"AATCTGGGTAGACCCT-1","0"
"AATGACAGCAATGTCT-1","4"
"AATGACGTAGGATGTC-1","8"
"AATGACTGTCAGCCGG-1","2"
"AATGAGTTCGCATATG-1","5"
"AATGATGATACGCTAT-1","3"
"AATGATGCGACTCCTG-1","3"
"AATGCAACCGGGTACC-1","8"
"AATGCACCAAGCAATG-1","3"
"AATGGTCCACCGTTCA-1","5"
"AATGGTTCTCACAAGC-1","0"
"AATGTATGGCACTGTA-1","7"
"AATGTGCCCGAGGTGT-1","7"
"AATGTGCTAATCTGAG-1","9"
"AATTAAAGGTCGGCGT-1","4"
"AATTAACGGATTTCCA-1","2"
"AATTACGAGACCCATC-1","4"
"AATTACTCGTACGCTC-1","6"
"AATTAGCGCTGCAGCG-1","2"
"AATTCATAAGGGATCT-1","1"
"AATTCATTGTCATGCA-1","7"
"AATTCCAAGCATGTAC-1","8"
"AATTCGATTCGAGGAT-1","1"
"AATTCTAGAGTTAGGC-1","8"
"AATTGAACGCTCTGGT-1","2"
"AATTGCAGCAATCGAC-1","3"
"AATTGCGTGGATTACA-1","9"
"AATTTGGGACATAGTA-1","3"
"AATTTGGTTCCAAAGA-1","3"
"ACAAACCATGCGTCCT-1","7"
"ACAAACCGACAAGGCG-1","3"
"ACAAAGCATGACCTAG-1","0"
"ACAAATCGCACCGAAT-1","2"
"ACAAATGGTAGTGTTT-1","2"
"ACAAATTCAGATCTGA-1","10"
"ACAACAGCATGAGCTA-1","8"
"ACAACGGTCCCTGCGA-1","5"
"ACAAGCAGTGCCTAGC-1","1"
"ACAAGGAAATCCGCCC-1","2"
"ACAAGGACAAGAGGTT-1","8"
"ACAAGGATGCTTTAGG-1","0"
"ACAAGGGCAGGCTCTG-1","2"
"ACAATAGTCGTACGTT-1","8"
"ACAATCCATTTAAACC-1","8"
"ACAATCGATCTTTATA-1","10"
"ACAATGAATACGGAGA-1","7"
"ACAATTGTGTCTCTTT-1","0"
"ACAATTTGAGCAGTGG-1","1"
"ACACAAAGACGGGTGG-1","1"
"ACACACCAGGACCAGT-1","1"
"ACACACTTTCTACACG-1","0"
"ACACATGATCAAATCT-1","9"
"ACACATTGACGCAACA-1","6"
"ACACCCAGCATGCAGC-1","1"
"ACACCCGAGAAATCCG-1","0"
"ACACCGGTCTGACCGC-1","7"
"ACACCTTAAGTAGGGC-1","1"
"ACACCTTACTACTTGC-1","0"
"ACACGAGACTCCTTCT-1","8"
"ACACGGCACTATGCAT-1","0"
"ACACGGGAACTTAGGG-1","8"
"ACACGTAGGCCACAAG-1","3"
"ACACTCCAATGTCACT-1","0"
"ACACTGATCAAGGTGT-1","4"
"ACACTGGGACAGTCGT-1","10"
"ACAGAACTGAGAACAA-1","9"
"ACAGATTAGGTTAGTG-1","0"
"ACAGCATAGAGCCAGT-1","0"
"ACAGCGACATTCTCAT-1","3"
"ACAGCGCACCCGCAGC-1","1"
"ACAGGCTTGCCCGACT-1","2"
"ACAGGTGGAGGTGAGG-1","4"
"ACAGTAATACAACTTG-1","4"
"ACATAAGTCGTGGTGA-1","4"
"ACATAATAAGGCGGTG-1","1"
"ACATCAGCTGGGACGC-1","5"
"ACATCCCGGCCATACG-1","4"
"ACATCCTGGTAACTGT-1","3"
"ACATCGATCGTTTACC-1","6"
"ACATCGGTCAGCCGCG-1","6"
"ACATCGTATGCAATGG-1","2"
"ACATCGTTAACCTAGT-1","0"
"ACATCTCAACGCGTAA-1","0"
"ACATGGCGCCAAAGTA-1","3"
"ACATGGCTCAATTTAG-1","6"
"ACATTAGTTTATATCC-1","1"
"ACCAAACTAGAAATCC-1","3"
"ACCAACACCACACACT-1","3"
"ACCAACCGCACTCCAC-1","10"
"ACCAACGCTTATTTAT-1","9"
"ACCAAGAACGCGTGTC-1","0"
"ACCAATATGCAAGTTA-1","2"
"ACCACAACTCAGAACA-1","0"
"ACCACAAGTTTCTATC-1","1"
"ACCACCAATGTAACAA-1","3"
"ACCACGTGCAGCTATA-1","5"
"ACCACTGTTCAAGAAG-1","6"
"ACCAGCCCGGTCTTTG-1","0"
"ACCAGGAGTGTGATCT-1","6"
"ACCAGTGCCCGGTCAA-1","0"
"ACCAGTGCGGGAGACG-1","1"
"ACCATATCCGCAATAA-1","7"
"ACCATCCGCCAACTAG-1","10"
"ACCATCGTATATGGTA-1","4"
"ACCCAACGCCCGTGGC-1","2"
"ACCCACCTACATGCTC-1","5"
"ACCCATCTTGAGGGTA-1","2"
"ACCCATTTGTCCCTCT-1","0"
"ACCCGAGCGAAATTAC-1","7"
"ACCCGGAAACTCCCAG-1","2"
"ACCCGGATGACGCATC-1","0"
"ACCCGGTTACACTTCC-1","4"
"ACCCGTGTCATCAGTA-1","4"
"ACCCTATAGGACTGAG-1","6"
"ACCCTATGCCATATCG-1","7"
"ACCCTCCCTTGCTATT-1","2"
"ACCCTTCATCTGCGAA-1","1"
"ACCCTTTAGTTCTCCA-1","0"
"ACCGAAAGGGCCCTGC-1","1"
"ACCGAAGAGTCTGGTT-1","9"
"ACCGACACATCTCCCA-1","2"
"ACCGACTGAGTCCCAC-1","8"
"ACCGATGGTAGCATCG-1","2"
"ACCGCAATAACTGCCT-1","1"
"ACCGCGGTGGAAGTCG-1","3"
"ACCGGGCCTTTGTTGA-1","0"
"ACCGGTCAGGTACACC-1","7"
"ACCGGTCTGAGTACGG-1","5"
"ACCGTCCACTGGGCCC-1","7"
"ACCGTGACCACGTGGG-1","4"
"ACCGTTCCCGCTCTGA-1","0"
"ACCTAAGTACCTTTCA-1","7"
"ACCTAATCGACTTCCT-1","2"
"ACCTACAGTATGTGGT-1","3"
"ACCTACTATAAATCTA-1","4"
"ACCTCCGCCCTCGCTG-1","3"
"ACCTCCGTTATTCACC-1","0"
"ACCTCGAACTTATGCT-1","7"
"ACCTGCGTGTCATGTT-1","8"
"ACCTTTCCTTTAGAAG-1","10"
"ACGAAATGGGCGGCAC-1","1"
"ACGACTGGTCATACTC-1","9"
"ACGAGAACCCATCACG-1","6"
"ACGAGATATTTGCTTA-1","1"
"ACGAGGATACCACTCT-1","7"
"ACGAGGTTTACAACGT-1","7"
"ACGAGTACGGATGCCC-1","3"
"ACGATACATAGAACTA-1","2"
"ACGATCATACATAGAG-1","5"
"ACGATCATCTTGTAAA-1","3"
"ACGATGCATATGTTAT-1","6"
"ACGATGGATCCGATGC-1","3"
"ACGCAAACTAATAGAT-1","7"
"ACGCAATCACTACAGC-1","3"
"ACGCATACGTTTACTA-1","0"
"ACGCATTCGTGAGTAC-1","6"
"ACGCCAGATGATTTCT-1","1"
"ACGCCCAGCTGTCGAT-1","0"
"ACGCCGCTAGACGACC-1","8"
"ACGCGAAGTCAGACGA-1","4"
"ACGCGCTACACAGGGT-1","5"
"ACGCGGGCCAAGGACA-1","5"
"ACGCTAGTGATACACT-1","0"
"ACGCTGTGAGGCGTAG-1","8"
"ACGCTTAGTGTCTCTC-1","0"
"ACGGAATTTAGCAAAT-1","10"
"ACGGACTCTCAAAGCG-1","2"
"ACGGAGCGCAAATTAC-1","3"
"ACGGATGGTGCGGATA-1","2"
"ACGGCACTTGCTTGGG-1","6"
"ACGGCCAACATGGACT-1","4"
"ACGGCGACGATGGGAA-1","2"
"ACGGCGGGTTGCCCTG-1","6"
"ACGGCTGGATGTAGAA-1","7"
"ACGGGAGTGTCGGCCC-1","7"
"ACGGGTCATGTGACTT-1","5"
"ACGTACAGATTTCTCT-1","0"
"ACGTAGATTGCTGATG-1","5"
"ACGTATTACTCCGATC-1","0"
"ACGTCCTAAACGAGAT-1","10"
"ACGTGCGCCTCGTGCA-1","5"
"ACGTGGTCGAATGTGC-1","0"
"ACGTTAATGTCGAAGA-1","4"
"ACGTTAGATTTGCCCG-1","8"
"ACGTTCCGCGCTCCGT-1","0"
"ACGTTCGCAATCAATT-1","3"
"ACGTTCGTTCAGGAAA-1","7"
"ACGTTCTGTACAAGTC-1","0"
"ACGTTTAGTTGTGATC-1","1"
"ACTAATACGTCAGGCG-1","0"
"ACTACATCCCGACAAG-1","4"
"ACTACCAGCTCTCTGG-1","1"
"ACTACGCGTTAGAATT-1","6"
"ACTAGTTGCGATCGTC-1","0"
"ACTATATGCTGTGTTC-1","3"
"ACTATCCAGGGCATGG-1","3"
"ACTATCTGCCCGCGTA-1","3"
"ACTATGTCCAGCTGCC-1","9"
"ACTATTCGTCCGTGGT-1","1"
"ACTATTTCCGGGCCCA-1","9"
"ACTCAACGAATGTATT-1","6"
"ACTCAAGTGCAAGGCT-1","3"
"ACTCAATAAAGGCACG-1","1"
"ACTCAGACCTGCTTCT-1","0"
"ACTCATGGCAGCCTTC-1","7"
"ACTCCAATATCATCAT-1","7"
"ACTCCCATTCCTAAAG-1","0"
"ACTCCCGAATTCGTTT-1","0"
"ACTCCCTAATGCTAAA-1","2"
"ACTCCCTAGAATAGTA-1","8"
"ACTCGCCGTTCGATAA-1","10"
"ACTCGTAACCCGTCCT-1","4"
"ACTCGTCAGTAATCCC-1","2"
"ACTCTCTGACTTAGGT-1","1"
"ACTCTCTTATACACGA-1","0"
"ACTCTTGTATAGTAAC-1","1"
"ACTGAAACGCCGTTAG-1","3"
"ACTGAATGGCGAAAGT-1","2"
"ACTGATTTAGTGATTC-1","0"
"ACTGCCCGCCATTCTC-1","7"
"ACTGCCGTCGTAACTC-1","1"
"ACTGCTCGGAAGGATG-1","4"
"ACTGTACGATACACAT-1","1"
"ACTGTAGCACTTTGGA-1","5"
"ACTGTATACGCGAGCA-1","5"
"ACTGTCCAGGATTATA-1","4"
"ACTGTCTTCTTTAGAA-1","5"
"ACTGTGCTAGTAGATC-1","0"
"ACTGTTTAGTGTAGGC-1","6"
"ACTTACCGGGCGCGCA-1","3"
"ACTTACGCATCCACGC-1","1"
"ACTTAGTACGACAAGA-1","3"
"ACTTATACTTACCCGG-1","2"
"ACTTATCTGATCTATA-1","5"
"ACTTATTAGGATCGGT-1","5"
"ACTTATTTATGTGCCA-1","3"
"ACTTCAGGCTGATCCC-1","2"
"ACTTCCATGCGGGACA-1","2"
"ACTTCGCCATACGCAC-1","2"
"ACTTGACTCCCTCTTT-1","8"
"ACTTGCCATATTGTAC-1","0"
"ACTTGGGACCCGGTGG-1","8"
"ACTTGTAGTCCCTTCA-1","8"
"ACTTGTGGATGGAACG-1","3"
"ACTTTACCCTCATGAA-1","0"
"ACTTTCCTATAGCTTC-1","8"
"ACTTTGACTGCATCCT-1","1"
"ACTTTGGTCGTGCTCC-1","7"
"AGAAATTATGACTCGC-1","10"
"AGAACCCTCAATTGGG-1","9"
"AGAACGTGGTACATTC-1","8"
"AGAAGAGCGCCGTTCC-1","6"
"AGAAGGTACACTTCAC-1","4"
"AGAAGGTTGCCGAATT-1","7"
"AGAAGGTTGTAGGTCG-1","2"
"AGAAGTGATTCGTGAT-1","7"
"AGAATAAATCTTCAGG-1","5"
"AGAATGCGGGTTCGGA-1","10"
"AGAATTATGGATTCGA-1","0"
"AGAATTGTTTGACATA-1","0"
"AGACATAGATCCTTCC-1","0"
"AGACCAAACCACACCT-1","4"
"AGACCATGGGATACAA-1","1"
"AGACCCACCGCTGATC-1","6"
"AGACCCGCCCTCCTCG-1","1"
"AGACCGCTCCGCGGTT-1","3"
"AGACCGGGAAACCCTG-1","8"
"AGACGAAGTGCCGGTC-1","3"
"AGACGACGATGCCGCT-1","7"
"AGACGGGATTGGTATA-1","0"
"AGACGGGCCGATTTAA-1","3"
"AGACTAGCCTTCCAGA-1","2"
"AGACTGTTACCGGGTC-1","7"
"AGAGAAACACCAGAAA-1","9"
"AGAGAACCGTCTAGGA-1","2"
"AGAGAAGGAGTACAAT-1","9"
"AGAGATCTCTAAAGCG-1","8"
"AGAGCAGTTATGAGAC-1","0"
"AGAGCCGCCGAGATTT-1","0"
"AGAGCGGGCTAATCAT-1","1"
"AGAGCGTACAAGCTCG-1","1"
"AGAGGCTTCGGAAACC-1","3"
"AGAGGTATCTCGGTCC-1","6"
"AGAGTAAACTTCACTA-1","3"
"AGAGTTAGAGACCGAT-1","3"
"AGATAACTTCAGGGCC-1","8"
"AGATACCGGTGTTCAC-1","6"
"AGATACGACTTCATAT-1","0"
"AGATACTCAAGATCGA-1","2"
"AGATATAATACGACTA-1","2"
"AGATCGTGCATAAGAT-1","1"
"AGATCTCAGGTGTGAT-1","5"
"AGATGACTCGCCCACG-1","5"
"AGATGAGGGTTGCGAT-1","0"
"AGATGATGGAGTCTGG-1","3"
"AGATGCAAGACGTGCA-1","9"
"AGATGCTATAACGAGC-1","6"
"AGATTATAGGACGTTT-1","8"
"AGATTCACAACCGATA-1","4"
"AGCAAAGGCCGCTAGT-1","1"
"AGCAACATATCTTATT-1","0"
"AGCAACCGAAAGTAAT-1","7"
"AGCACACGTTTAGACT-1","9"
"AGCACCAGTACTCACG-1","1"
"AGCACTACCGGCCTGT-1","2"
"AGCACTACCTCACCAG-1","10"
"AGCACTTAAGGACGCC-1","2"
"AGCAGAAGGAGAAAGA-1","1"
"AGCAGCCAGATGAATA-1","6"
"AGCATATCAATATGCT-1","2"
"AGCATCATTTCGAAAG-1","7"
"AGCATCGTCGATAATT-1","1"
"AGCATTACGAGGCAAG-1","10"
"AGCCAAGCTTTGTGTC-1","6"
"AGCCACAGGTTACCCG-1","3"
"AGCCACTCCCGTGCTT-1","1"
"AGCCCATACATGTAAG-1","5"
"AGCCCGGCATTAGAGG-1","9"
"AGCCCGGTAGCCTGTA-1","7"
"AGCCCTAAGCGAAGTT-1","1"
"AGCCCTCCCTGGTGGC-1","9"
"AGCCCTTCTAATCCGA-1","0"
"AGCCGTGGCTAAATGT-1","7"
"AGCCTAATACCCACGT-1","9"
"AGCCTTAAAGCGGAAG-1","1"
"AGCGACAGGAACGGTC-1","7"
"AGCGACATCCCATTCA-1","1"
"AGCGACCAACGATATT-1","5"
"AGCGAGACGTGAAGGC-1","7"
"AGCGATGCGCCTAATA-1","0"
"AGCGCATAATGAATCG-1","7"
"AGCGCGGGTGCCAATG-1","1"
"AGCGCTTATGGGCAAG-1","0"
"AGCGGACACTTCGTAG-1","5"
"AGCGGCGGTTAGCGGT-1","7"
"AGCGGGAAGGGTCCAT-1","0"
"AGCGGGTCTGACACTC-1","2"
"AGCGGTTGAGATGTAC-1","0"
"AGCGTAGCGCTAGACC-1","5"
"AGCGTCTGAACCCGCA-1","6"
"AGCGTGGTATTCTACT-1","1"
"AGCGTTCCGATTTAAA-1","0"
"AGCTAACAAGCAATGT-1","7"
"AGCTAAGTACGCAGGC-1","3"
"AGCTAGAAGCAGAAGT-1","0"
"AGCTATTTAATCCAAC-1","0"
"AGCTCCATATATGTTC-1","3"
"AGCTCCTTCGCACATC-1","2"
"AGCTCTAGACGTTCCA-1","8"
"AGCTCTTCCCAGTGCA-1","1"
"AGCTCTTCGTAACCTT-1","0"
"AGCTCTTTACTCAGTT-1","4"
"AGCTGAAGTAAACCAA-1","1"
"AGCTGTAACCTCAATC-1","7"
"AGCTTATAGAGACCTG-1","6"
"AGCTTCAATACTTTGA-1","0"
"AGCTTGATCTTAACTT-1","5"
"AGGAAAGCCTCTGATG-1","5"
"AGGAAGCTGTCCGCCG-1","1"
"AGGACAGTCGAATCCC-1","2"
"AGGACATCGCACGTCG-1","0"
"AGGACGACCCATTAGA-1","7"
"AGGACGCTCGATGTTG-1","1"
"AGGAGGCCTTCGCGCG-1","0"
"AGGATAAAGTCGGGAT-1","5"
"AGGATATAGGGATTTA-1","3"
"AGGATCACGCGATCTG-1","4"
"AGGCAAAGAGGAATCA-1","5"
"AGGCACGTGACTGTCC-1","10"
"AGGCAGATGCGTAAAC-1","2"
"AGGCAGGGAGCGTACT-1","7"
"AGGCATTGTCGTAGGG-1","1"
"AGGCCACCCGTTATGA-1","5"
"AGGCCCATTGTACAGG-1","1"
"AGGCCCTAGAACGCCA-1","4"
"AGGCCTGAGAATCTCG-1","0"
"AGGCGGTTTGTCCCGC-1","7"
"AGGCGTCTATGGACGG-1","10"
"AGGCTATGGTTAGCTT-1","5"
"AGGCTTCCCGAAGAAG-1","7"
"AGGCTTGCTAGACACC-1","5"
"AGGGAAACGAGGTACT-1","3"
"AGGGACAGCACGGCGG-1","6"
"AGGGACCGGCTGCGTT-1","3"
"AGGGACTCTACGCGAC-1","5"
"AGGGAGACATACTTCG-1","3"
"AGGGCAGCGGCGTGGT-1","0"
"AGGGCGAGCAGCTGAT-1","5"
"AGGGCGTGATCGGCTA-1","3"
"AGGGCTGCAGTTACAG-1","5"
"AGGGTCAGAGCACTCG-1","9"
"AGGGTCGATGCGAACT-1","3"
"AGGGTGCCGTTCTTTA-1","7"
"AGGGTGCTCTCGAGGG-1","2"
"AGGGTGGATAGTGCAT-1","1"
"AGGGTTCCCTTTGGTT-1","2"
"AGGGTTTAGTTCGGGA-1","6"
"AGGTAACCTCCTATTC-1","0"
"AGGTACGATATTGCCA-1","1"
"AGGTAGATCGAGATAT-1","7"
"AGGTAGGTACAAAGCT-1","2"
"AGGTATAATTGATAGT-1","3"
"AGGTCAGGTGAGAGTG-1","4"
"AGGTCGCCACTTCGGT-1","6"
"AGGTCGCGGAGTTACT-1","0"
"AGGTGGTGACCTTCGC-1","6"
"AGGTGTATCGCCATGA-1","2"
"AGGTTACACCATGCCG-1","3"
"AGGTTCTCCTTTCCGG-1","7"
"AGGTTGAGGCACGCTT-1","1"
"AGGTTTCACACACCTT-1","6"
"AGTAACGTTCATCCTG-1","3"
"AGTAACTATAGCAGCC-1","10"
"AGTAATGTCTTGCCGC-1","1"
"AGTAATTTGCAAGCGT-1","9"
"AGTACATCATTTATCA-1","3"
"AGTACCTTCGAGTGCT-1","10"
"AGTACGGCCCGTATCG-1","1"
"AGTACGGGCACCTGGC-1","2"
"AGTACGTGGCCTGTCT-1","1"
"AGTACTCTTATGCCCA-1","3"
"AGTAGAAGGCGCCTCA-1","4"
"AGTAGCGTGAACGAAC-1","0"
"AGTAGCTAGACGCCGA-1","10"
"AGTAGGAAGGAAGTTG-1","0"
"AGTAGGTAACATACAT-1","3"
"AGTATAATACTAGGCA-1","0"
"AGTATACACAGCGACA-1","4"
"AGTATCCATAATAACG-1","10"
"AGTATGCTGGAGACCA-1","9"
"AGTATTTGGCACGACC-1","4"
"AGTCAAATGATGTGAT-1","7"
"AGTCAACACCACCATC-1","4"
"AGTCAAGATGACACTT-1","0"
"AGTCACTAGCTCTCGA-1","3"
"AGTCACTCCGCCTCAT-1","6"
"AGTCAGCCACCGCCTG-1","1"
"AGTCCAGCGGGTACGT-1","5"
"AGTCCATTGGCTGATG-1","3"
"AGTCCCGCCTTTAATT-1","0"
"AGTCGACGGTCTCAAG-1","2"
"AGTCGGCCCAAACGAC-1","2"
"AGTCGGCTCAACTTTA-1","4"
"AGTCGGTTGCGTGAGA-1","3"
"AGTCGTATAAAGCAGA-1","2"
"AGTCGTCGACCACCAA-1","3"
"AGTCGTGGGCATTACG-1","7"
"AGTCTAAAGTATACTC-1","3"
"AGTCTCACAAGACTAC-1","7"
"AGTCTGGACATCCTTG-1","5"
"AGTCTTCTCCTCAAAT-1","1"
"AGTCTTTAAAGTGTCC-1","1"
"AGTGAACAAACTTCTC-1","3"
"AGTGACCTACTTTACG-1","7"
"AGTGACTGTGACACAA-1","7"
"AGTGAGACTTCCAGTA-1","2"
"AGTGAGCCTCGCCGCC-1","0"
"AGTGAGGGTTTCTGAC-1","3"
"AGTGATAACCTGCGCG-1","3"
"AGTGATATGAGTAGTT-1","7"
"AGTGATTCAAGCAGGA-1","2"
"AGTGCACGCTTAAGAA-1","0"
"AGTGCGTAGCTCGTAA-1","4"
"AGTGCTAAACACAGCA-1","3"
"AGTGCTTGCACGAATA-1","1"
"AGTGGCGGCAATTTGA-1","0"
"AGTGGCGTCTGAAGGT-1","0"
"AGTGGCTCCGTCGGCC-1","5"
"AGTGGTGTTACCCGTG-1","2"
"AGTGTATTGCGCATTG-1","3"
"AGTGTGCTAAGATCGC-1","6"
"AGTGTGGTCTATTGTG-1","1"
"AGTTAAACACTTGCGA-1","4"
"AGTTAAGCGGTCCCGG-1","1"
"AGTTAAGTCAACCGCT-1","4"
"AGTTACCGCACATGGT-1","1"
"AGTTACTCTATCGTGG-1","1"
"AGTTATTGAAAGGTAA-1","3"
"AGTTCCTACAGAATTA-1","5"
"AGTTCCTATTTATGTT-1","6"
"AGTTCTGCGTTGTATC-1","6"
"AGTTGACATCGGCTGG-1","6"
"AGTTGACGGTCCTTGC-1","1"
"AGTTGCTGACTGATAT-1","1"
"AGTTTCGCAGGTCGGA-1","5"
"AGTTTGCACCTGCCTC-1","2"
"AGTTTGGCACGGGTTG-1","0"
"AGTTTGGCCAGACCTA-1","4"
"ATAAACCATTGGACGG-1","6"
"ATAAACGGACCCGTAA-1","4"
"ATAAACGTTGCACCAC-1","3"
"ATAAAGGCTCGGTCGT-1","6"
"ATAAAGGTCAAGTACG-1","3"
"ATAAATATTAGCAGCT-1","8"
"ATAACGCCGGAGGGTC-1","1"
"ATAACGGAGTCCAACG-1","4"
"ATAAGGTGGAGAACAT-1","2"
"ATAAGTAGGATTCAGA-1","3"
"ATAAGTAGGGCGACTC-1","0"
"ATAAGTTACCGCGACG-1","4"
"ATAATACCGTTAGCCG-1","5"
"ATAATAGCTGTTGAAT-1","1"
"ATAATAGTGTAGGGAC-1","1"
"ATAATCTTGGAGAACC-1","2"
"ATAATTAGCTAAGTAG-1","2"
"ATACAGGCCCTCCAAT-1","2"
"ATACCACGGGCAACTT-1","4"
"ATACCAGCAAATTGCT-1","0"
"ATACCAGGCTAATAGA-1","0"
"ATACCAGGTGAGCGAT-1","6"
"ATACCTAACCAAGAAA-1","8"
"ATACGCCGATCTACCG-1","5"
"ATACGCCGGCGAAACC-1","2"
"ATACGGAACGTCGTTT-1","7"
"ATACGGGTTTCGATTG-1","2"
"ATACGGTGAAGATGCA-1","0"
"ATACGTACTTAGCCAC-1","2"
"ATACGTCCACTCCTGT-1","0"
"ATACGTTATGCACGGA-1","2"
"ATACTACCCGTACCAC-1","3"
"ATACTAGCATGACCCT-1","1"
"ATACTCTCGCCACTCT-1","6"
"ATACTGCCTTACACCG-1","2"
"ATACTTGTTCTCGAGC-1","6"
"ATAGACAACGGGACCT-1","2"
"ATAGACGAAGAGAAAG-1","8"
"ATAGAGTACTGGGACA-1","1"
"ATAGAGTTATCAACTT-1","0"
"ATAGATTTGCAGTCGG-1","1"
"ATAGCAACTAGGGAAG-1","3"
"ATAGCCTCAGTACCCA-1","6"
"ATAGCTGCTCTTGTTA-1","6"
"ATAGGAATCTAAGCTT-1","10"
"ATAGGCGGCTATAGAA-1","4"
"ATAGGCTAGCTTCGCA-1","1"
"ATAGGGATATCCTTGA-1","2"
"ATAGGTTGGGCAGATG-1","2"
"ATAGTCTTTGACGTGC-1","5"
"ATAGTGAAGCGTTCTC-1","4"
"ATAGTTCCACCCACTC-1","3"
"ATATAAAGCGCTCGTG-1","2"
"ATATAAATGTAGCTGC-1","2"
"ATATAACACGGGCGCA-1","10"
"ATATACGCTCGTGACG-1","3"
"ATATAGAGTATTGGTC-1","7"
"ATATCAACCTACAGAG-1","3"
"ATATCAATTCCAGCCT-1","4"
"ATATCGGTAGGGAGAT-1","3"
"ATATCGTGCCAGACCC-1","3"
"ATATCGTTCCTCGAAC-1","0"
"ATATCTCCCTCGTTAA-1","0"
"ATATCTTAGGGCCTTC-1","5"
"ATATGTCTCCCTAGCC-1","0"
"ATATTCAGTTAAACCT-1","7"
"ATATTCCACATAGTGA-1","2"
"ATATTCCCACAGGTCA-1","0"
"ATATTGCTGTCAAAGT-1","0"
"ATATTTAACCCTCAAG-1","8"
"ATCAAACACTGTTCCA-1","3"
"ATCAAACGAAGGTTTG-1","9"
"ATCAATCTGGGCTGCA-1","5"
"ATCAATGCCGTGGCTG-1","7"
"ATCACATTAGAATATC-1","2"
"ATCACGTGCTAATTAA-1","7"
"ATCACTTCATCCTCGC-1","1"
"ATCAGACGGCACGCCG-1","9"
"ATCAGCCTCATGCTGC-1","3"
"ATCAGCTCGTCCACTA-1","4"
"ATCAGGTCGCCATTGC-1","0"
"ATCAGTAGGCAGGGAT-1","2"
"ATCATAGCCCTATGTA-1","3"
"ATCATCCAATATTTGT-1","6"
"ATCATCTGCCCAGTGT-1","3"
"ATCCAACGCAGTCATA-1","5"
"ATCCAATGGAGGGTCC-1","6"
"ATCCACATCGACAGAA-1","1"
"ATCCACGCTAAATGTT-1","3"
"ATCCAGAGCAACAACC-1","7"
"ATCCAGGATTCGTGAA-1","7"
"ATCCCATCCACAGCGC-1","7"
"ATCCTACCTAAGCTCT-1","4"
"ATCCTGAATCGCTGCG-1","5"
"ATCCTGCGTGGAATGG-1","4"
"ATCCTGCTGCAGATAG-1","6"
"ATCGACCCAATACAGA-1","5"
"ATCGACTCTTTCCGTT-1","5"
"ATCGCACGATTGTTCA-1","6"
"ATCGCACGCCGGGAGA-1","2"
"ATCGCCAGTCAACATT-1","3"
"ATCGCTGCGTGCAGCA-1","3"
"ATCGGAGACAGACGGC-1","1"
"ATCGGCAAGCAGTCCA-1","0"
"ATCGTGGAAAGTCTGG-1","4"
"ATCGTTAGCTAGCGGA-1","3"
"ATCGTTCACTTTCGCC-1","0"
"ATCTAATATCCTACGG-1","10"
"ATCTAGCTTGTGAGGG-1","2"
"ATCTCCCACGGAATAT-1","3"
"ATCTCCCTGCAATCTA-1","1"
"ATCTCGTGAGCGAAAC-1","3"
"ATCTGACATGGAAGGA-1","7"
"ATCTGATAGTGTCTTA-1","5"
"ATCTGCACCTCTGCGA-1","0"
"ATCTGCTGTTATCGCC-1","4"
"ATCTGGGCTGTTCTTG-1","8"
"ATCTGGTTAAGACTGT-1","1"
"ATCTGTAATTGTACCC-1","0"
"ATCTTAGGGCATTAAT-1","7"
"ATCTTATCGCACACCC-1","0"
"ATCTTGACCTGCAACG-1","1"
"ATCTTGACTTGTCCAA-1","3"
"ATGAAGCCAAGGAGCC-1","1"
"ATGACGCCGGCTCTAA-1","1"
"ATGACGCGTTCTATCC-1","9"
"ATGACTATCAGCTGTG-1","7"
"ATGACTATGCGACATT-1","2"
"ATGAGGAGTGTTAATC-1","1"
"ATGATCGGGAATAGAC-1","0"
"ATGATGCAATGGTACA-1","7"
"ATGCACGCGCTGTTCA-1","7"
"ATGCACTACCGCATTG-1","8"
"ATGCATGATCCAGGAT-1","1"
"ATGCATTCCGTGATGG-1","6"
"ATGCCAATCGCTCTGC-1","3"
"ATGCCATTTGCGACCA-1","1"
"ATGCCGGTCTTGCATA-1","2"
"ATGCCGGTTGATGGGA-1","1"
"ATGCGACAATTGGTCC-1","10"
"ATGCGACAGTCCCATT-1","8"
"ATGCGAGTCCCACCAC-1","3"
"ATGCTCAGTGTTGCAT-1","0"
"ATGCTCTGGCGCGGTA-1","2"
"ATGCTTAGGAGTTGAT-1","3"
"ATGGAAATTTAAGGAG-1","4"
"ATGGAGCAGGCCGTGA-1","5"
"ATGGATCCGGCGTCCG-1","1"
"ATGGATTGACCAAACG-1","8"
"ATGGCAGCATTACGAT-1","9"
"ATGGCTGGAAATGGCC-1","0"
"ATGGGAACGGAAGCGG-1","0"
"ATGGGACCTGCTGAAC-1","7"
"ATGGGCCTCGGCCTCT-1","1"
"ATGGGTGTATACCTCC-1","9"
"ATGGTATTTACTGATT-1","7"
"ATGGTCGCGTGGTTTC-1","2"
"ATGGTGCTCAAAGCCA-1","5"
"ATGTAAGGCTGCTCTT-1","3"
"ATGTACATGCGGTGAG-1","10"
"ATGTACGATGACGTCG-1","2"
"ATGTAGCGCGCGTAGG-1","5"
"ATGTGAAAGCCTAATG-1","7"
"ATGTGCATCCGACGCA-1","2"
"ATGTGGACATCTTGAT-1","1"
"ATGTGTAGTTTAGTCA-1","0"
"ATGTTACGAGCAATAC-1","0"
"ATGTTCGTCGACCCAC-1","2"
"ATGTTGTAGTCTGTTT-1","4"
"ATTAAACATGCGGACC-1","6"
"ATTAATACTACGCGGG-1","2"
"ATTAATGAACCAGTCG-1","2"
"ATTAATTCGGTCACTC-1","5"
"ATTACAACTACCGGCC-1","1"
"ATTACATGTCAGTCTT-1","3"
"ATTACCACACTGCCTG-1","10"
"ATTACGCGCTGGCAGG-1","5"
"ATTACTAGCCTCTTGC-1","1"
"ATTACTTACTGGGCAT-1","0"
"ATTAGATTCCTCAGCA-1","3"
"ATTAGATTGATAGCGG-1","0"
"ATTAGGCGATGCTTTC-1","1"
"ATTATACTTTGCTCGT-1","1"
"ATTATAGCTACTTTAC-1","3"
"ATTATCTCGACAGATC-1","1"
"ATTATGAGACCCAATT-1","7"
"ATTATGCCATAGGGAG-1","2"
"ATTATTATGTCCGTCA-1","9"
"ATTCAAAGTACCTGTT-1","6"
"ATTCAACCATTTAAGG-1","3"
"ATTCACTGATGTTGGA-1","1"
"ATTCAGGACCTATTTC-1","1"
"ATTCAGGATCGCCTCT-1","0"
"ATTCAGTAGCAGGGTC-1","5"
"ATTCATATACTGTCCA-1","4"
"ATTCATCGTTGAGGCA-1","3"
"ATTCCCACATAAACAA-1","1"
"ATTCCTAAGACGTGGA-1","3"
"ATTCCTCCGCCAGTGC-1","1"
"ATTCCTTCCAGGCGGT-1","6"
"ATTCGACGCCGGGCCT-1","8"
"ATTCGTGCTATCTCTT-1","3"
"ATTCTCGTCTCTTTAG-1","1"
"ATTCTGAGTATGAACT-1","0"
"ATTCTTCGTACTTATG-1","3"
"ATTGAAGATCTTAGTG-1","4"
"ATTGACGTAACTCGGT-1","1"
"ATTGATAGCAACGAGA-1","6"
"ATTGATCACCACATTT-1","6"
"ATTGATGAGTCCTAAC-1","0"
"ATTGCCTATTAGACCG-1","9"
"ATTGCCTTTATGTTTG-1","3"
"ATTGCGATCAGTAACT-1","0"
"ATTGCTGCTCCTCCAT-1","8"
"ATTGGATTACAGCGTA-1","3"
"ATTGGGAATATCTTGG-1","0"
"ATTGGTTGTGCATTAC-1","10"
"ATTGTACAACTCGGCT-1","0"
"ATTGTCGCAATACCTT-1","1"
"ATTGTGACTTCGCTGC-1","6"
"ATTTAACTCGTATTAC-1","1"
"ATTTACAGTTTACTGG-1","1"
"ATTTACTAAGTCCATT-1","0"
"ATTTCATTATTTCGCG-1","0"
"ATTTCCGGGTTCTGCG-1","7"
"ATTTGCCTAGTTACGA-1","6"
"ATTTGCGCGAGTAGCT-1","7"
"ATTTGTCTTGGGAGCT-1","1"
"ATTTGTTCCAGGGCTC-1","1"
"CAAACGAGTATCGCAG-1","4"
"CAAACGGTCGCACTTT-1","2"
"CAAACGTGGTCTTGCG-1","3"
"CAAACTACGATAGAGA-1","3"
"CAAACTATTGAGCTTC-1","3"
"CAAACTCGCGACGCCG-1","3"
"CAAAGATTATTGGGCC-1","7"
"CAAATCTCTCACAAGG-1","4"
"CAAATGCGGAGTGTTC-1","10"
"CAAATGTCCTTCCGTG-1","4"
"CAAATTGTCAGCAAGC-1","3"
"CAACAGAATAACGCTA-1","3"
"CAACAGTGCCAAACGG-1","10"
"CAACATGGCCTGATAA-1","5"
"CAACCTACCGAGCAGT-1","3"
"CAACGACCCGTTTACA-1","1"
"CAACGGTTCTTGATAC-1","1"
"CAACGTGGTGGAGTCT-1","3"
"CAACTATATCGAATGC-1","0"
"CAACTCCAACGTTTAG-1","3"
"CAACTCCGTAACTTGC-1","7"
"CAACTCCTTGATCCCG-1","1"
"CAACTGCTCATCCGAT-1","4"
"CAACTTGTAGTGGGCA-1","0"
"CAAGAGGGCGGAGTAC-1","2"
"CAAGATATTATAACGT-1","2"
"CAAGCAACGTCGGAGT-1","1"
"CAAGCACCAAATGCCT-1","2"
"CAAGCGGCACATAATT-1","2"
"CAAGGATCGCATGTTC-1","5"
"CAAGGTCCTATAGGCT-1","3"
"CAAGTGAACTTTGGTT-1","0"
"CAAGTGTGGTTGCAAA-1","0"
"CAATAAACCTTGGCCC-1","1"
"CAATACGCTCTGAGGC-1","1"
"CAATATGTAGATTTAC-1","10"
"CAATATTCTTGACCTA-1","9"
"CAATCCATTATCCGTT-1","6"
"CAATCCCTATACCAGC-1","0"
"CAATCCTGCCGTGGAG-1","5"
"CAATGCGAGAAGTATC-1","2"
"CAATGGAATCTACATA-1","0"
"CAATGGATCTCTACCA-1","1"
"CAATGGTCGGCCTGGG-1","1"
"CAATGTGCCAACCCTT-1","3"
"CAATTAAGGGTGATGA-1","1"
"CAATTTCGTATAAGGG-1","5"
"CAATTTGACCGGGAAG-1","6"
"CACAAGAAAGATATTA-1","10"
"CACAAGCTAAGAAAGG-1","9"
"CACAATGAGCTGCTAT-1","4"
"CACACACGCTAACGAG-1","3"
"CACACAGCTTGCGCTC-1","3"
"CACACAGGGATAGATT-1","1"
"CACACGCGCTGTCTTA-1","1"
"CACACGTTTCAATGGG-1","1"
"CACACTTGTATTGCGA-1","1"
"CACAGAGACGAGGACG-1","9"
"CACAGCACCCACGGCA-1","8"
"CACAGCTAGGGAGTGA-1","5"
"CACAGGGCCATATAGT-1","3"
"CACAGGGCCGTTGTCA-1","6"
"CACAGTCCCGCTTCGC-1","0"
"CACAGTTCGCTTCCCA-1","0"
"CACATAAGGCGACCGT-1","5"
"CACATATTAGCAGGAT-1","8"
"CACATCGTGCACGCGC-1","9"
"CACATCTCACCGACGA-1","1"
"CACATGATTCAGCAAC-1","6"
"CACATGTTTGGACATG-1","6"
"CACATTCTTTCGATGG-1","0"
"CACATTTCTTGTCAGA-1","0"
"CACCAGTCAGCATGCA-1","9"
"CACCATCGGAGGAGAC-1","1"
"CACCCAAATCTTATGT-1","3"
"CACCCACACGTCACCC-1","0"
"CACCCACGAGGCAATT-1","3"
"CACCCGGTTTGTGACT-1","9"
"CACCCTAACAAGATCT-1","2"
"CACCCTTGGTGAGACC-1","4"
"CACCCTTTCCTCGCTC-1","6"
"CACCGATACACCGAGC-1","3"
"CACCGCCAGAAGGTTT-1","1"
"CACCGCCGACCAGCGA-1","0"
"CACCGCGTCCACTCTA-1","0"
"CACCGGAGATATCTCC-1","3"
"CACCGGTAGAGACATT-1","9"
"CACCGTATCCCATCCG-1","3"
"CACCGTTAGGGATCAC-1","7"
"CACCGTTGCGCGATAT-1","4"
"CACCTAATAGAGTCGT-1","5"
"CACCTAATCAGTTTAC-1","1"
"CACCTCGATGGTGGAC-1","1"
"CACCTTGCGAAACTCG-1","4"
"CACCTTGGCGCCTTTG-1","3"
"CACGAAAGTTAGTCCC-1","2"
"CACGACCACAGACTTT-1","5"
"CACGACGTAATAGTAA-1","10"
"CACGACTAAAGTTCTG-1","6"
"CACGATTGGTCGTTAA-1","10"
"CACGCACAGCGCAGCT-1","1"
"CACGCAGCGAGGCTTT-1","5"
"CACGCGGAACTGTTGC-1","3"
"CACGGCGCGCCAAAGG-1","3"
"CACGGGATTGAGGGTT-1","1"
"CACGTCGGCAACCTCT-1","7"
"CACGTCTATGATGTGG-1","3"
"CACGTTCGTGCTCTAG-1","8"
"CACGTTTCGTACACAC-1","0"
"CACTAAAGTTGCCTAT-1","6"
"CACTACGGGAGCTGCC-1","3"
"CACTACTCAGTTCTGT-1","1"
"CACTCAAGAGCTATGG-1","4"
"CACTCAGCTCTTGAGG-1","1"
"CACTCCTATGTAAGAT-1","7"
"CACTCCTCTCGGTCGG-1","1"
"CACTCGAGCTGAACAA-1","2"
"CACTCGGTTAGGAGGA-1","5"
"CACTCTTCTGCTAGCC-1","3"
"CACTGACGATTGTGGA-1","8"
"CACTGTCCAAGTGAGA-1","1"
"CACTTAATCAGACGGA-1","5"
"CACTTCGCCACAGGCT-1","1"
"CACTTCGTCTTATCTC-1","6"
"CAGAACTTAGCCCTCT-1","2"
"CAGAATAACACACGGA-1","3"
"CAGACACCGATCGCTG-1","7"
"CAGACCTGTAAGTGTT-1","0"
"CAGACGAACCTGATAC-1","7"
"CAGAGACGGTCACCCA-1","5"
"CAGAGCATGAGCTTGC-1","8"
"CAGAGGCGATGCATGA-1","4"
"CAGAGTGATTTAACGT-1","0"
"CAGATACTAACATAGT-1","2"
"CAGATATGAAGATGAC-1","4"
"CAGATCATTTAAAGTC-1","3"
"CAGATCCTGGTTTGAA-1","9"
"CAGCAGCCCGTTCCTT-1","1"
"CAGCAGTCCAGACTAT-1","1"
"CAGCAGTCTGTGCTGC-1","2"
"CAGCCCTCACAGGCAG-1","0"
"CAGCCGGGCCCTCTAT-1","0"
"CAGCCTCCTGCAGAGG-1","1"
"CAGCCTCTCCTCAAGA-1","0"
"CAGCGATTCCCTTCAA-1","7"
"CAGCTCACTGAGACAT-1","6"
"CAGCTCGACAAGTTAA-1","2"
"CAGCTCGTGCTTGTGT-1","0"
"CAGCTGGCGTAACCGT-1","4"
"CAGCTTAGTAGGTAGC-1","1"
"CAGGAAGACTTTATAT-1","0"
"CAGGATATATCGTTGT-1","6"
"CAGGATCCGCCCGACC-1","10"
"CAGGCAGTCTTACCAG-1","0"
"CAGGCCGTTTGGGTGT-1","4"
"CAGGCGCACGGTGGTC-1","7"
"CAGGCGCCATGCTAGG-1","2"
"CAGTAACTATTTATTG-1","0"
"CAGTAATCCCTCCCAG-1","1"
"CAGTACATTCTCTAAA-1","3"
"CAGTACCAGTTTACGT-1","4"
"CAGTAGCCCACGCGGT-1","1"
"CAGTAGCGAGGTAGTA-1","6"
"CAGTCGAGGATGCAAT-1","0"
"CAGTCTCTCGGCTAAT-1","6"
"CAGTCTGTATACTGGG-1","6"
"CAGTGAATAAATGACT-1","2"
"CAGTGGTTGCACATGA-1","0"
"CAGTGTCCGCAGAATG-1","0"
"CAGTGTCGGCTGGCCC-1","3"
"CAGTGTTAATCTCTCA-1","4"
"CAGTTCAAATTGACAC-1","8"
"CAGTTCCGCGGGTCGA-1","5"
"CATAACGGACAGTCGT-1","3"
"CATAAGAAGCTTGGCT-1","2"
"CATAAGCTCTCCGTCT-1","1"
"CATAATGAGCGGGCGA-1","6"
"CATACAAAGCCGAACC-1","1"
"CATACACGGTTCCCAC-1","4"
"CATACCCGTACCCAGT-1","8"
"CATACGAACTAGCTGG-1","7"
"CATACGGCGTCTGGGC-1","5"
"CATACGGGTGCATGAT-1","6"
"CATACTATGTAATTGT-1","5"
"CATACTTAGGCAATAC-1","3"
"CATAGCCGCCCGGGAT-1","6"
"CATAGCGTTGCCCACC-1","7"
"CATAGTACATTGAGAG-1","0"
"CATAGTAGCATAGTAG-1","0"
"CATAGTCAAATACATA-1","3"
"CATAGTCCACAAGAAC-1","7"
"CATATACTACTGATAA-1","0"
"CATATAGGTACAGTCA-1","4"
"CATATGTCAGGCTACG-1","7"
"CATATTATTTGCCCTA-1","1"
"CATCATCTACCCGGAC-1","1"
"CATCATTACCCTGAGG-1","0"
"CATCCAATATAGTTTG-1","7"
"CATCCGCAGGCCCGAA-1","6"
"CATCCTCTCAAAGATC-1","3"
"CATCGAATGGATCTCT-1","6"
"CATCGCCCGCGGCCAA-1","1"
"CATCGGACGGGTTAAT-1","8"
"CATCTATCCCGTGTCT-1","1"
"CATCTTACACCACCTC-1","2"
"CATGAACCGACATTTG-1","1"
"CATGAACCTCTTATCA-1","0"
"CATGACTTCGCTGAAT-1","3"
"CATGAGATGCACTCTC-1","2"
"CATGATCGCTTTGAGA-1","10"
"CATGATGCACAATTCT-1","2"
"CATGATGGAAGTTAGC-1","0"
"CATGCACGTGTTACTG-1","0"
"CATGCATGGAGACCCT-1","10"
"CATGCCAACTCGCAAA-1","8"
"CATGCGACCAGTTTAA-1","3"
"CATGCGTTAGACAGAA-1","1"
"CATGCTGGCTCCAATT-1","1"
"CATGGAAATGGGACCA-1","10"
"CATGGATTGTCTTCCG-1","3"
"CATGGCAGGAAGATCG-1","2"
"CATGGGTATGCCTTAT-1","2"
"CATGGGTCGGGTGTGG-1","2"
"CATGGTAAGTAGCGTT-1","8"
"CATGGTATTAGTTTGT-1","4"
"CATGGTCTAGATACCG-1","2"
"CATGTAAGAGACATTT-1","3"
"CATGTAGGAGCGCCAA-1","6"
"CATGTCTCATTTATGG-1","2"
"CATTACGTCGGCCCGT-1","5"
"CATTATAACAGGGTCC-1","10"
"CATTATCCCATTAACG-1","4"
"CATTATGCTTGTTGTG-1","1"
"CATTCACTGACAGCTA-1","1"
"CATTCAGGTCAGTGCG-1","6"
"CATTCCCTAAGTACAA-1","6"
"CATTGCAAAGCATAAT-1","3"
"CATTGCGAAATGGGCG-1","2"
"CATTGTGTGCTAGATC-1","6"
"CATTTAGCGGACCATG-1","2"
"CATTTATCGTTCAAGA-1","3"
"CATTTCTAGCAGACTA-1","5"
"CATTTGAGTGGTACGT-1","7"
"CCAAACAGAACCCTCG-1","2"
"CCAAAGCAGTTGGTTG-1","6"
"CCAAATAACAAGATTC-1","3"
"CCAACCTTATGTAACT-1","9"
"CCAACGATGCACTGAT-1","1"
"CCAACGCTTGCCAGGG-1","3"
"CCAAGAAAGTGGGCGA-1","4"
"CCAAGACTTCTGCGAA-1","1"
"CCAAGCGTAACTCGTA-1","8"
"CCAAGGAACAGAGAGG-1","1"
"CCAATAGTGCCGTCGA-1","2"
"CCAATCGGTAGATCGA-1","5"
"CCAATGTCACAGCAAG-1","5"
"CCAATTACGGGTCGAG-1","0"
"CCAATTGAATGTTAAT-1","1"
"CCACAATGTACGTCTT-1","1"
"CCACACTGAGATATTA-1","4"
"CCACAGCTGAAATCAT-1","6"
"CCACAGTACCCATCCT-1","1"
"CCACATACTGCACCCA-1","10"
"CCACCAACTTTACTGT-1","7"
"CCACCCAAGGAAAGTG-1","2"
"CCACGAATTTAACCTC-1","3"
"CCACGAGAAGAGAATC-1","1"
"CCACGGAGCCATAAGA-1","4"
"CCACGGTGCCCGGTAG-1","0"
"CCACTAAACTGAATCG-1","10"
"CCACTGGTGGCTGGTT-1","8"
"CCACTGTTTGGATTAA-1","3"
"CCAGAAAGCAACTCAT-1","7"
"CCAGAGACAAAGCCGG-1","1"
"CCAGATAGTTGAGTGA-1","1"
"CCAGCCTGGACCAATA-1","4"
"CCAGCTACGCCTCATA-1","6"
"CCAGCTCGAACGCATT-1","8"
"CCAGCTGATGGTACTT-1","2"
"CCAGCTTCCGCCCGCA-1","5"
"CCAGGGACGTGGCCTC-1","2"
"CCAGTAGTCTGATCCA-1","2"
"CCAGTCAAATCTCTTA-1","8"
"CCAGTCCATTATTCGA-1","6"
"CCAGTCTAGACGGCGC-1","1"
"CCAGTCTTGTCATAGA-1","5"
"CCATAAACAACCCGAC-1","0"
"CCATACCTTTACTTGT-1","0"
"CCATAGGTTGGCGTGG-1","1"
"CCATAGTCAGTAACCC-1","1"
"CCATATGGAAACTATA-1","3"
"CCATATTGGATCATGA-1","6"
"CCATCCATACCAAGTC-1","1"
"CCATCGCAGTTAAACT-1","2"
"CCATCTCACCAGTGAA-1","0"
"CCATCTTGTTCACAAT-1","6"
"CCATGCCCTAGATTTC-1","3"
"CCATGCCTGTTTAGTA-1","8"
"CCATGCTCTGCAGGAA-1","1"
"CCATGGCCCTTGTACC-1","1"
"CCATGTTCATCTATAT-1","7"
"CCATTAGCGATAATCC-1","1"
"CCATTCCCTGCCCACA-1","8"
"CCATTTCTACCTATTA-1","2"
"CCCAAACATGCTGCTC-1","2"
"CCCAACATACGTCGCG-1","7"
"CCCAACCACACTAACA-1","0"
"CCCAAGAATGCACGGT-1","3"
"CCCAAGACAGAGTATG-1","6"
"CCCAATGAGATTTGCA-1","7"
"CCCAATTTCACAACTT-1","6"
"CCCAGAGGAGGGCGTA-1","0"
"CCCAGGTCTGAAGGCT-1","3"
"CCCAGTAAACTTGGGA-1","4"
"CCCAGTTAAGGCGCCG-1","3"
"CCCATATAGGTCGATT-1","0"
"CCCGAAGTTTCGCGAA-1","4"
"CCCGACCATAGTCCGC-1","1"
"CCCGAGTTTCTCCGTA-1","3"
"CCCGCAGCGCGAACTA-1","8"
"CCCGCAGGGCCCAAAG-1","0"
"CCCGCCATGCTCCCGT-1","1"
"CCCGCGCAATGCACCC-1","5"
"CCCGCTAGAGGGTTAA-1","3"
"CCCGGCACGTGTCAGG-1","5"
"CCCGGGTCGTTCAGGG-1","4"
"CCCGGTGGAAGAACCT-1","5"
"CCCGGTGTATCGGAAT-1","4"
"CCCGTAAGTCTAGGCC-1","5"
"CCCGTAGCTGGGAAGA-1","7"
"CCCGTCAGCGTCTGAC-1","1"
"CCCGTTTCGCAGATGT-1","0"
"CCCTAGTGTCAGGTGT-1","6"
"CCCTATGTAGAGCAGA-1","9"
"CCCTCATTCTGGAATT-1","0"
"CCCTCCTCGCTCGTAT-1","0"
"CCCTCGGGAGCCTTGT-1","6"
"CCCTGAAATGAGTTGA-1","5"
"CCCTGACTAACAAATT-1","1"
"CCCTGATGTAACTCGT-1","6"
"CCCTGCCCAATCCGCT-1","8"
"CCCTGCGCTACGCATA-1","2"
"CCCTGGTATGGGCGGC-1","1"
"CCCTGTTGGCAAAGAC-1","6"
"CCCTTCTCGTACGCGA-1","6"
"CCCTTTAATGGAGTTC-1","0"
"CCCTTTGACAGGTCTT-1","4"
"CCGAAAGTGGTGAGCA-1","1"
"CCGAACACTGGGCCTC-1","6"
"CCGAACCTTCCCGGCC-1","2"
"CCGAAGTATATTGTTC-1","5"
"CCGACAAACACATGAG-1","1"
"CCGACAAAGGGAGTGC-1","2"
"CCGACAATAGGCCGCC-1","3"
"CCGACGGGCATGAGGT-1","7"
"CCGACGTAAACACAAC-1","0"
"CCGACTCGCATAGTCT-1","0"
"CCGAGAAGTCGCATAA-1","3"
"CCGAGCTGTGCTTGTC-1","10"
"CCGAGGGATGTTAGGC-1","0"
"CCGATCTCAACCTTAT-1","3"
"CCGATTCGAGGGACCC-1","8"
"CCGATTGGTCAATGAA-1","10"
"CCGCACAAAGACCAAC-1","8"
"CCGCACGTGACCTCGG-1","1"
"CCGCATGTGGTACGAT-1","5"
"CCGCCACCACAATCCA-1","0"
"CCGCCGGAACTTCTCG-1","4"
"CCGCCGGTCAACACAC-1","0"
"CCGCCGTTGAGGATAA-1","10"
"CCGCCTGCGAATTGGT-1","1"
"CCGCGATTTGGTAGGT-1","4"
"CCGCGGAATGCGTCAC-1","4"
"CCGCGGGTACGAAGAA-1","1"
"CCGCGTAGGTAAGGGC-1","6"
"CCGCTATCAGCACCAG-1","5"
"CCGCTCTTCCGAACTA-1","3"
"CCGCTGGTGCCATTCA-1","1"
"CCGCTTACCTCACTCT-1","4"
"CCGCTTCGCGGTTAAC-1","6"
"CCGCTTGCTGACATGG-1","3"
"CCGGAATGGTTTCAGT-1","5"
"CCGGAGCGTACTTTCT-1","5"
"CCGGCACGACCGTTTC-1","3"
"CCGGCGCATATTGGAT-1","5"
"CCGGCGTGAGACTCTG-1","4"
"CCGGGACCCGCAGAGA-1","0"
"CCGGGCGGTCTCGTCA-1","2"
"CCGGGCTAAGAATTTC-1","4"
"CCGGGCTGCTCCATAC-1","2"
"CCGGGTTCGAGGTTAC-1","8"
"CCGGTAATGGCTAGTC-1","3"
"CCGGTTTGTAATTGTG-1","7"
"CCGTAAGTTGGTCCCA-1","8"
"CCGTACCCAAGCGCCA-1","0"
"CCGTAGGAAATCCCTG-1","3"
"CCGTAGGGTTGTTTAC-1","3"
"CCGTATCTCGTCGTAG-1","9"
"CCGTATTAGCGCAGTT-1","0"
"CCGTCAACCTCTGGCG-1","7"
"CCGTGCCCATGACGGC-1","1"
"CCGTGGAACGATCCAA-1","0"
"CCGTGTTAAATTCCAT-1","6"
"CCGTTACGTTAGAACA-1","0"
"CCGTTCCGAATCTCGG-1","5"
"CCTAAACAGGGTCCGT-1","10"
"CCTAAAGGCTGACGCT-1","0"
"CCTAAATTAACGGTTC-1","8"
"CCTAAATTGTATCCTA-1","3"
"CCTAACCCAAACAAGT-1","2"
"CCTAACTAAGGCTCTA-1","1"
"CCTAAGTGTCTAACCG-1","6"
"CCTACAAGTCCGGAAT-1","10"
"CCTACATTCACAGACG-1","7"
"CCTACGCGACCTTACA-1","3"
"CCTACGGCTCAGTCGA-1","1"
"CCTACTGCTTACACTT-1","1"
"CCTAGGCGTAGCGATC-1","2"
"CCTAGGTAAAGGTAGC-1","4"
"CCTAGTTAGTCGCATG-1","1"
"CCTATAATGAGTGCCC-1","2"
"CCTATACCGTCCTGTC-1","9"
"CCTATATCGTGTCACG-1","9"
"CCTATATTTGTCCTGG-1","4"
"CCTATCTATATCGGAA-1","1"
"CCTATGAAGTGGTGCC-1","3"
"CCTATGGCTCCTAGTG-1","4"
"CCTATGGGTTACCGTC-1","1"
"CCTATGGTCAAAGCTG-1","2"
"CCTATGTCCACTCCAC-1","3"
"CCTCACCAATCTTGAC-1","1"
"CCTCACCTGAGGGAGC-1","0"
"CCTCACCTTAGCATCG-1","0"
"CCTCATGCAGCTACGA-1","6"
"CCTCCCGACAATCCCT-1","5"
"CCTCCGACAATTCAAG-1","5"
"CCTCCTAGCTAGAGTC-1","9"
"CCTCCTGTTGTGTCGT-1","0"
"CCTCGAAGTGGACGGG-1","1"
"CCTCGACCCACTGCCT-1","10"
"CCTCGCCAGCAAATTA-1","1"
"CCTCGCGCGATATAGG-1","0"
"CCTCGCGCTGTGCGAT-1","4"
"CCTCGGACCGGGATAG-1","2"
"CCTCGGATGCTACCTG-1","5"
"CCTCGGTTTCCTTGCC-1","4"
"CCTCTAATCTGCCAAG-1","1"
"CCTCTACAAGGATTGG-1","9"
"CCTCTATCGATTAGCA-1","7"
"CCTCTCTCCCATCTAG-1","8"
"CCTCTGGCCTAGACGG-1","1"
"CCTCTGTACTATTCTA-1","5"
"CCTGAACGATATATTC-1","2"
"CCTGAATATTTACATA-1","2"
"CCTGACCACCGATGGT-1","6"
"CCTGACGCAACCTTTA-1","0"
"CCTGCGTTCTACGCTT-1","5"
"CCTGCTATTTGAGAAG-1","2"
"CCTGGAAACGTTCTGC-1","0"
"CCTGGCTAGACCCGCC-1","5"
"CCTGGTCGAATGTGGG-1","8"
"CCTGTAAGACATGATA-1","4"
"CCTGTACTCACGCCCA-1","8"
"CCTGTCACCCGGGCTC-1","2"
"CCTGTCCCTCACGTTA-1","3"
"CCTGTCGCCCGTAAAT-1","8"
"CCTGTGCATAGGAGAC-1","5"
"CCTGTGCGGATTGTAA-1","5"
"CCTGTTTGAAGACACG-1","3"
"CCTTCAGTTAAAGTGA-1","9"
"CCTTCGTATAGAATCC-1","4"
"CCTTCTCAGCGTTCCT-1","6"
"CCTTCTTGATCCAGTG-1","2"
"CCTTGACCACTTTATT-1","3"
"CCTTTAAGGGAGCACT-1","7"
"CCTTTCAATGAAGAAA-1","3"
"CCTTTGAATTATGGCT-1","4"
"CGAAACATAGATGGCA-1","0"
"CGAAACGCAATTCATG-1","6"
"CGAACAGTATGGGCGT-1","3"
"CGAACCCGCATGCGTC-1","4"
"CGAACGCCCAGTGCCG-1","5"
"CGAACGGCCGGACAAC-1","7"
"CGAAGACTGCCCGGGA-1","10"
"CGAAGCTATAAATTCA-1","3"
"CGAAGGGTTTCAGATT-1","7"
"CGAAGTTGCTCTGTGT-1","5"
"CGAATCTGCTCGACGC-1","4"
"CGAATGAAGTCATTGC-1","7"
"CGAATGACGCATAATG-1","4"
"CGAATTACATGGTGTT-1","3"
"CGACAATTTGATCTAA-1","3"
"CGACACGCTCCGACAG-1","0"
"CGACAGTTCGCGTTAT-1","6"
"CGACATGCGATCTTCT-1","0"
"CGACCCTTAACGCCGG-1","7"
"CGACGCATCCGTACCT-1","4"
"CGACTCAGGATGTTAT-1","2"
"CGACTTTGTATAGCCT-1","3"
"CGAGACCCTAGAGTGT-1","6"
"CGAGAGATGTGAACCT-1","2"
"CGAGAGCGCGTAGATA-1","5"
"CGAGAGCTTTCACTAC-1","2"
"CGAGAGGGTAGCCGCG-1","3"
"CGAGATGTTGCCTATA-1","6"
"CGAGATTTCGCTCGGG-1","3"
"CGAGCACTTCAAGTTT-1","5"
"CGAGCGTTGATCAGCC-1","1"
"CGAGCTGGGCTTTAGG-1","2"
"CGAGGCCAGGCATTGG-1","5"
"CGAGGCTAAATATGGC-1","8"
"CGAGGGACTGCGGTCG-1","2"
"CGAGGGTATCCAGGTG-1","4"
"CGAGTACTAAAGAGGA-1","7"
"CGAGTGAAGGTACCAG-1","4"
"CGAGTGCTATAGTTCG-1","1"
"CGAGTTCTGTCCCACC-1","2"
"CGAGTTTATCGGACTG-1","0"
"CGATAATACTCAGGTT-1","3"
"CGATACCTCGCGGACA-1","4"
"CGATAGCGATACAGTG-1","7"
"CGATAGTCGTACTGCA-1","0"
"CGATATTAGCCGCAGG-1","6"
"CGATCCGACCCAGTGC-1","8"
"CGATCCTCGCAACATA-1","9"
"CGATCTGTTGGAGGAC-1","7"
"CGATGGACCCTACGCC-1","1"
"CGATGTTGTTATCTAC-1","4"
"CGATTAAATATCTCCT-1","6"
"CGATTCGCCTGGCTGC-1","2"
"CGCAAACACGAGTTAC-1","5"
"CGCAATTACTTTCGGT-1","0"
"CGCAATTAGGGTAATA-1","5"
"CGCAATTCTACAATAA-1","5"
"CGCACATGTCCACTAC-1","2"
"CGCACGTCTGTTTATG-1","7"
"CGCACGTGCGCTATCA-1","3"
"CGCAGAAACATTTGCG-1","0"
"CGCAGATCTTCACCCG-1","3"
"CGCAGGCGATCCAAAC-1","3"
"CGCATCATGGCTTCAG-1","1"
"CGCATGGTGCGATGCT-1","1"
"CGCATTAGCTAATAGG-1","5"
"CGCCAAGAAGCCGAGT-1","5"
"CGCCACAGGTCGCGAT-1","7"
"CGCCACCCGCATTAAC-1","6"
"CGCCATCCGATTATGA-1","2"
"CGCCCAGCACGCCTAG-1","4"
"CGCCCAGCGTTTCACG-1","1"
"CGCCCGCTTCCGTACA-1","1"
"CGCCCTAATTGTTCAA-1","7"
"CGCCCTTACATCCACC-1","6"
"CGCCCTTGAAGGCTGA-1","1"
"CGCCGCCCATGCCTGT-1","2"
"CGCCGCGTTCTGAACG-1","4"
"CGCCGTTCAGCATAGT-1","0"
"CGCCTCCCTCCTCTAT-1","1"
"CGCCTGGCCTACGTAA-1","8"
"CGCCTTTAGCATGCTC-1","3"
"CGCGAAGTGGCATACT-1","3"
"CGCGACCGCGACAGAT-1","2"
"CGCGAGAGGGACTTGT-1","3"
"CGCGAGTCTGCCGGGT-1","7"
"CGCGCAAATGTCCAGA-1","9"
"CGCGCAAGGAACTACA-1","6"
"CGCGCATGTTTGATTG-1","4"
"CGCGCCCGACTTAATA-1","1"
"CGCGGCAGTATTACGG-1","6"
"CGCGGCTCAACTTGAA-1","3"
"CGCGGGAATTAGGCAG-1","3"
"CGCGGTCACAAACCAA-1","3"
"CGCGTCATATTAAACC-1","0"
"CGCGTGCTATCAACGA-1","10"
"CGCGTTCATGAAATAC-1","1"
"CGCTACGGGACATTTA-1","5"
"CGCTAGAGACCGCTGC-1","3"
"CGCTATACCGCCCACT-1","5"
"CGCTATTCAATGTATG-1","5"
"CGCTATTCTTAGGCTC-1","6"
"CGCTCGACATAATGAT-1","1"
"CGCTCTCCGTAGATTA-1","8"
"CGCTGAGGACGTCCAA-1","6"
"CGCTGGTGACTACCCT-1","3"
"CGCTGTGACGCCGCAC-1","1"
"CGCTGTGTGGATGTTG-1","7"
"CGCTTAGTATTGATAC-1","4"
"CGCTTATTCCCGGTCG-1","4"
"CGCTTCCACTGAAATC-1","1"
"CGCTTCGGTCTAAGAC-1","10"
"CGCTTTCATACCGGTG-1","0"
"CGCTTTCTTGCATTCG-1","2"
"CGGAAAGAATCAAACG-1","7"
"CGGAAATTTCACATCC-1","0"
"CGGAACGTAAACATAG-1","9"
"CGGAGCAATTTAATCG-1","5"
"CGGAGCATGGCGATCC-1","8"
"CGGAGCTTATAACACC-1","3"
"CGGAGTTTGAGAGACA-1","1"
"CGGATAAGCGGACATG-1","0"
"CGGATCCTCAAGGACT-1","2"
"CGGCAAACATCGTGCG-1","2"
"CGGCAATAAGATCGCC-1","3"
"CGGCACCGTTAGCGCC-1","3"
"CGGCACTCAAGAAAGT-1","5"
"CGGCAGGGTCGGGTTG-1","3"
"CGGCCACGCACAAAGT-1","6"
"CGGCCAGAGCGACCAT-1","7"
"CGGCCCAACCTGTAGT-1","3"
"CGGCCCAGGTATATCC-1","0"
"CGGCGCCATCAATCCC-1","0"
"CGGCTCTAAAGCTGCA-1","3"
"CGGCTCTTCGTCGAAC-1","3"
"CGGCTGCAAGATTAAG-1","3"
"CGGCTTTGTATGATAA-1","0"
"CGGGAATATAGTATAC-1","3"
"CGGGAATTTATGTAAA-1","4"
"CGGGAGCTTCAGTGTA-1","0"
"CGGGAGTATACCGCCG-1","6"
"CGGGATCAATGTAAGA-1","1"
"CGGGCAGCTAAACCGC-1","8"
"CGGGCCATAGCCGCAC-1","6"
"CGGGCCTTCTTTGTAA-1","4"
"CGGGTGTACCCATTTA-1","2"
"CGGGTTCGGCACGTAT-1","6"
"CGGGTTGTAGCTTTGG-1","6"
"CGGGTTTGTTAGGGCT-1","0"
"CGGTACTAGAATCAAA-1","2"
"CGGTAGAGGTGCAGGT-1","1"
"CGGTATAGGTATTAGC-1","0"
"CGGTCAAGTGGGAACC-1","2"
"CGGTCCGTCGCAAGCC-1","4"
"CGGTCTATCAACCCGT-1","2"
"CGGTGAAGACTAAAGT-1","2"
"CGGTGCAGATAGAACG-1","4"
"CGGTGCGCGTTGGTCC-1","7"
"CGGTGGGCTCCAGCCT-1","0"
"CGGTGTACTTGATCCC-1","1"
"CGGTTATCCAACAGTG-1","0"
"CGGTTCAAGTAGGTGT-1","3"
"CGGTTCCGGCTTCTTG-1","6"
"CGGTTGACCTGGCATA-1","8"
"CGGTTGAGTATCCTTC-1","7"
"CGGTTGGGTTCAAGTT-1","3"
"CGGTTTATGAAGGAAC-1","0"
"CGTAAACGCTTGAGTG-1","6"
"CGTAACTTCGACACTT-1","4"
"CGTACCTGATAGGCCT-1","1"
"CGTAGAGAGTAATTAT-1","3"
"CGTAGCGAATTGTCAG-1","1"
"CGTAGCGCCGACGTTG-1","0"
"CGTATTAAGAGATCTA-1","2"
"CGTCAAGGCTATAAAT-1","5"
"CGTCAATCTTTAACAT-1","6"
"CGTCACGTCCATTGGT-1","4"
"CGTCAGTGCGCACAAG-1","0"
"CGTCAGTTTATCGTCT-1","6"
"CGTCATACCATATCCA-1","5"
"CGTCGCATGTGAGCCA-1","2"
"CGTCGCGGCGGGATTT-1","6"
"CGTCGCTTGGTTATAC-1","9"
"CGTCGGATAGTGTTGA-1","1"
"CGTCGGGTCTAAGCGC-1","9"
"CGTCGTCCTTCGCGAA-1","2"
"CGTCTGGAAGGGCCCG-1","1"
"CGTGAAGTTAATTCAC-1","4"
"CGTGACATTGGGTCGT-1","1"
"CGTGACCAGTCCTCTG-1","4"
"CGTGCAGACTGGGACA-1","5"
"CGTGCATTGTCGACGC-1","8"
"CGTGCCCGACATTTGT-1","6"
"CGTGCCCTCCCGAAGA-1","1"
"CGTGCTTCTACCTAAA-1","9"
"CGTGGCCGAATATCTA-1","3"
"CGTGGTACCCAAAGGC-1","9"
"CGTGTATGGGAGCTGA-1","6"
"CGTGTCCCATTCGCGA-1","5"
"CGTGTCTCGTTACGAC-1","4"
"CGTGTGTTAAACCCTG-1","0"
"CGTTAAACTAGTTAGG-1","3"
"CGTTAATGTCCCGACG-1","3"
"CGTTAGCTCACAACTG-1","1"
"CGTTCAGACCCGCGAA-1","2"
"CGTTCATGGTGCGCGT-1","7"
"CGTTCTTCGCACACCT-1","0"
"CGTTGAATACCGCGCT-1","0"
"CGTTGAGCGACCGTCG-1","8"
"CGTTGAGTAATTGCGT-1","0"
"CGTTGCCCGCGTGGGA-1","4"
"CGTTGTAAACGTCAGG-1","5"
"CGTTGTAAGATTGATT-1","3"
"CGTTGTCGGCAATTGA-1","2"
"CGTTGTTTCAATTCCC-1","8"
"CGTTTAAGCGGAGCAC-1","1"
"CGTTTCACTTCGGGCG-1","0"
"CGTTTCGCTCATTACA-1","5"
"CGTTTGTGTAGAGGGT-1","7"
"CTAAACGGGTGTAATC-1","6"
"CTAAAGAATGCCTACT-1","2"
"CTAAAGGGAAATAGGA-1","5"
"CTAAAGTCCGAAGCTA-1","5"
"CTAAATCCGGTGTACA-1","9"
"CTAAATCCTATTCCGG-1","2"
"CTAACCGCGCGCCCGT-1","5"
"CTAACGAAACTTGCTG-1","0"
"CTAACTGATAATCGCC-1","3"
"CTAACTGGTCCGGTTC-1","7"
"CTAAGGGAATGATTGG-1","2"
"CTAAGTACAGGGCTAC-1","10"
"CTAATTCGCACGCGCT-1","1"
"CTAATTCTCAGATATT-1","3"
"CTAATTTCAACAACAC-1","1"
"CTACAAGAAATAACCC-1","9"
"CTACACTAGCTTGTTC-1","6"
"CTACACTCGCAGATGG-1","0"
"CTACATATCGCGGGAC-1","4"
"CTACCCTAAGGTCATA-1","2"
"CTACGAACTAGGTCGA-1","0"
"CTACGACTAGCTATAA-1","2"
"CTACGATCCTATCCTA-1","9"
"CTACGCACGGAGTACC-1","8"
"CTACGCCATTTCCGAT-1","1"
"CTACGTGTTGCCACCA-1","6"
"CTACTATCATAGGTTT-1","4"
"CTACTATCTTTCAGAG-1","2"
"CTACTCAAGGTATAGT-1","4"
"CTACTCTAGGCCCGGC-1","2"
"CTACTGCCACCTGACC-1","2"
"CTAGACATATATGTAG-1","5"
"CTAGACTGCATTTCGT-1","0"
"CTAGATAAACTCCTCG-1","6"
"CTAGATGTGAGTGTAA-1","3"
"CTAGATTTACGACGGC-1","2"
"CTAGCAACTAATTTAC-1","1"
"CTAGCATAGTATAATG-1","5"
"CTAGCCGATGTTATGA-1","0"
"CTAGGCGCCCTATCAG-1","3"
"CTAGGCGGCAGAGAAT-1","6"
"CTAGGGATAGGGACAA-1","4"
"CTAGGTCTGAAGGAAT-1","0"
"CTAGGTTCGGACGTGA-1","1"
"CTAGTAGAAAGGGATT-1","3"
"CTAGTATTCGGAATTA-1","0"
"CTAGTCACGTCTTAAG-1","4"
"CTAGTGAAGGACAGGA-1","8"
"CTAGTTACAACCCGGT-1","2"
"CTAGTTGGGCCCGGTA-1","0"
"CTATAAGAGCCAATCG-1","0"
"CTATAGGCGTTGATGT-1","7"
"CTATCGACGAAATACA-1","3"
"CTATCGGGTCTCAACA-1","8"
"CTATGCCCGAATGCAA-1","1"
"CTATGGGAAGCGGAAT-1","3"
"CTATGTCACTAGCCCA-1","8"
"CTATGTCTATTGAAAC-1","1"
"CTATGTGAGTCACGGC-1","6"
"CTATTCATGTGTCCCA-1","6"
"CTATTGTGTTTGGTCA-1","0"
"CTATTTGCTTGGAGGA-1","4"
"CTATTTGGTTACGGAT-1","1"
"CTCAAACCACTGCCCG-1","7"
"CTCAACTAACCCGGAT-1","0"
"CTCAAGACATTAGCGC-1","3"
"CTCACATTTACTAAAT-1","1"
"CTCACTGTGATACTTA-1","2"
"CTCACTTGGCTGGTAA-1","5"
"CTCAGGACTCACCTGT-1","1"
"CTCAGTCACGACAAAT-1","0"
"CTCATAAATGTGTATA-1","5"
"CTCATGGCTCACAATC-1","1"
"CTCATGGTAATTTGCG-1","4"
"CTCATTGCTCTAACAA-1","2"
"CTCATTTGATGGGCGG-1","5"
"CTCCCAATGAGTCGCG-1","10"
"CTCCCTCCTTTCGATC-1","4"
"CTCCGCCCACATGAGG-1","4"
"CTCCGGCCTAATATGC-1","2"
"CTCCGGCTTGTAGACA-1","5"
"CTCCTAAGTTATGTCT-1","1"
"CTCCTCCAGCTCACAC-1","4"
"CTCCTGTTCAAGGCAG-1","10"
"CTCCTTTACGCAAGTC-1","3"
"CTCGAATGGAACGTAT-1","3"
"CTCGAGACATACGATA-1","6"
"CTCGAGGTCGAACAGT-1","2"
"CTCGATATTTGCGAGC-1","3"
"CTCGCACCTATATAGT-1","1"
"CTCGCATTGCATAGCC-1","9"
"CTCGCCGAATGTAGGG-1","2"
"CTCGGGCATCGTCGGG-1","5"
"CTCGGGTTCTCTGGCC-1","9"
"CTCGGTACCACTGCTC-1","1"
"CTCGGTCCGTAGCCTG-1","1"
"CTCGGTTGTCGGCCCT-1","7"
"CTCGTCGAGGGCTCAT-1","7"
"CTCGTTACGGCTACCA-1","4"
"CTCGTTTCTAATGTTT-1","0"
"CTCTAATGCATTGATC-1","3"
"CTCTACACTGGCGATT-1","6"
"CTCTAGCCCTCGGAAA-1","0"
"CTCTATTTGGCTGCAG-1","2"
"CTCTCACAATCGATGA-1","2"
"CTCTCGATGTGCGCCT-1","0"
"CTCTCTAACTGCCTAG-1","7"
"CTCTGCGAAGCAAGCA-1","5"
"CTCTGGACGCCTGGTG-1","5"
"CTCTGTGCCTGCTATG-1","6"
"CTCTGTTTGAGGATTC-1","5"
"CTCTTCTATTGACTGG-1","3"
"CTCTTCTGGAAGTTAG-1","9"
"CTCTTGTCCCGCTTGG-1","6"
"CTGAAAGAGATCCGAC-1","2"
"CTGAATCCGAGACCTC-1","4"
"CTGAATTTATTGCCAG-1","0"
"CTGACATAGAAATAGA-1","10"
"CTGACTGCGCAGCTCG-1","3"
"CTGAGAAAGTTCGGCG-1","10"
"CTGAGCAAGTAACAAG-1","0"
"CTGATAGTGTATCTCA-1","5"
"CTGCAAATGGGCTCCA-1","10"
"CTGCAAGCACGTTCCG-1","10"
"CTGCACAACTACATAT-1","8"
"CTGCACCTGGAACCGC-1","0"
"CTGCACTCCAGTACAG-1","10"
"CTGCAGAGAATCAGAG-1","3"
"CTGCCAAGGTTGGAAG-1","1"
"CTGCCATGCATCACAT-1","6"
"CTGCCTAGCCACCAAG-1","0"
"CTGCCTTTAATACCTT-1","7"
"CTGCCTTTCTAGTAAA-1","3"
"CTGCGGGTGAAATGTT-1","5"
"CTGCGGTAGTCACGTG-1","0"
"CTGCGTTACGATATAA-1","1"
"CTGCTGAGGCCACGAA-1","9"
"CTGCTGTCTAACGAGC-1","5"
"CTGCTTGGCGATAGCT-1","2"
"CTGCTTTATGTCCGCG-1","10"
"CTGGAAATGGATGCTT-1","2"
"CTGGAAGACACGGTGG-1","0"
"CTGGACGCAGTCCGGC-1","4"
"CTGGATTTACACTTGA-1","4"
"CTGGCATCCGAATGAG-1","7"
"CTGGCGACATAAGTCC-1","0"
"CTGGCGATTTACATGT-1","5"
"CTGGCGCACAGGTCTG-1","2"
"CTGGCGGGAATAAGTA-1","0"
"CTGGCTCCTGCGGGAT-1","6"
"CTGGCTGATTCATCCT-1","3"
"CTGGCTGCTAACGTAA-1","6"
"CTGGCTGGTTGTCAGT-1","8"
"CTGGGATAAATAATGG-1","2"
"CTGGGATACGCTACCC-1","0"
"CTGGGATCGCCCAGAT-1","5"
"CTGGGCACTAGTCGGA-1","10"
"CTGGGCCTGCTATATC-1","2"
"CTGGGCGGCCAAATGT-1","0"
"CTGGGTAGGCAGTTAA-1","1"
"CTGGGTTGAGTTAAAG-1","4"
"CTGGTAAAGTGTGGGC-1","10"
"CTGGTAACACATAGAA-1","2"
"CTGGTAACGAGCTCTT-1","1"
"CTGGTCATTCCAATCC-1","5"
"CTGGTCCTAACTTGGC-1","1"
"CTGGTGAATGGGCCTA-1","9"
"CTGGTTCAACGCATCA-1","10"
"CTGGTTTCGAGCAAGA-1","2"
"CTGTACTTCTTAGCAT-1","4"
"CTGTAGCCATCTCACT-1","7"
"CTGTAGTGAGGATCGA-1","4"
"CTGTATGGTGTAGAAA-1","0"
"CTGTCAAATGGCTCGG-1","0"
"CTGTCACGCCAGGCGC-1","0"
"CTGTGCAGGGTAGGTC-1","1"
"CTGTGGTCGGGAGATA-1","0"
"CTGTTACCCAATCTAG-1","4"
"CTGTTCACTGCCTGTG-1","1"
"CTGTTCATCTCACGGG-1","6"
"CTGTTGTTCAGTCGTA-1","9"
"CTTAACTTCGAAGTAC-1","1"
"CTTACACGGTATTCCA-1","8"
"CTTACACTGGGAAATA-1","3"
"CTTAGCCTTCCACATG-1","2"
"CTTAGGTATAGACCAG-1","7"
"CTTAGTAGGCCTACAG-1","3"
"CTTAGTGTAGTAGCAT-1","2"
"CTTAGTTGAGGAATCG-1","7"
"CTTATGCGCTCAGGGC-1","2"
"CTTATGTTGACTACCA-1","6"
"CTTCAACTCCACTTGG-1","2"
"CTTCAGTGGTCGCCTA-1","4"
"CTTCATAGCTCAAGAA-1","3"
"CTTCATTGTCAGTGGA-1","5"
"CTTCCGCTCCGTGAAG-1","7"
"CTTCCTGCATATTTAC-1","10"
"CTTCGGCCAATTGTTT-1","3"
"CTTCGTAGATAGGTGA-1","4"
"CTTCGTGCCCGCATCG-1","6"
"CTTCTATGTTGAAGTA-1","4"
"CTTCTATTAATGCTAG-1","7"
"CTTCTGGGCGTACCTA-1","7"
"CTTCTTACGTCGTATA-1","1"
"CTTGACCCGAAAGATA-1","1"
"CTTGAGGTTATCCCGA-1","6"
"CTTGAGTTAGGGTAAT-1","2"
"CTTGCAACCGCCTCCT-1","6"
"CTTGCCCAGGCTCTAC-1","4"
"CTTGGCCAAGCTGGGA-1","6"
"CTTGTACTTGTTGACT-1","2"
"CTTGTCAACATTCGAG-1","8"
"CTTGTCGTACGTGTCA-1","6"
"CTTGTGAGGACAGCGG-1","6"
"CTTGTGAGTCTTTGAC-1","5"
"CTTGTGCTCACCGATT-1","1"
"CTTGTTGCTGAGTCAA-1","2"
"CTTGTTTATGTAGCCA-1","5"
"CTTTAACTTTCAAAGG-1","2"
"CTTTAATATTGGTCGA-1","2"
"CTTTACCGAATAGTAG-1","2"
"CTTTAGGAACACTGTT-1","2"
"CTTTAGTGCTATTATT-1","5"
"CTTTCTGTGCGGGCTT-1","5"
"CTTTGAAACATATTCC-1","10"
"CTTTGCATCGCTCTTG-1","0"
"CTTTGGCGCTTTATAC-1","5"
"CTTTGGCTTTAGTAAA-1","1"
"CTTTGGGATTGTTGCA-1","7"
"CTTTGTCGAATGCTCC-1","4"
"GAAACAGATGACCACC-1","1"
"GAAACAGCCATGCAGT-1","1"
"GAAACATAGGAAACAG-1","9"
"GAAACCATGGTGCGCT-1","3"
"GAAACCGAATTACCTT-1","4"
"GAAACCTATACAAATG-1","7"
"GAAACTCGTGCGATGC-1","5"
"GAAACTCTAATGAAGG-1","1"
"GAAAGAACAGCGTTAT-1","3"
"GAAAGCAGTGCACTTT-1","7"
"GAAAGCCCTTTGGACC-1","2"
"GAAAGTGACTAACTGC-1","1"
"GAAATACCTGCTGGCT-1","0"
"GAAATACTAAACGTTT-1","0"
"GAAATATCACCATCAG-1","1"
"GAAATATGCTTGAATG-1","0"
"GAAATCGCGCGCAACT-1","2"
"GAAATGGCGGTGTTAG-1","2"
"GAAATGGGATGTAAAC-1","6"
"GAAATTAGCACGGATA-1","0"
"GAAATTCACATCGCTG-1","1"
"GAAATTGTCTCTATAA-1","4"
"GAACAACTGGGATGAA-1","0"
"GAACACACATCAACCA-1","2"
"GAACAGATTACTAAAT-1","2"
"GAACCATCTGGGAGAC-1","5"
"GAACCCTCTGTGTTCT-1","2"
"GAACCTCGACCTACAC-1","6"
"GAACCTTTAACGATCC-1","2"
"GAACGACCGAATGATA-1","2"
"GAACGCGGGTCACACG-1","3"
"GAACGTCTCATGGTCG-1","2"
"GAACGTTAGGAAGACG-1","1"
"GAACTGTGGAGAGACA-1","4"
"GAACTTAGCGCCCGGT-1","0"
"GAAGAAACGATATTGT-1","7"
"GAAGAACGGTGCAGGT-1","0"
"GAAGACTTCAATGCCG-1","0"
"GAAGCAAGGCAATGTT-1","10"
"GAAGCCACTGATTATG-1","2"
"GAAGCCTGCACATTCC-1","6"
"GAAGCGTGAGGAATTT-1","5"
"GAAGCTCGGACCCGTC-1","7"
"GAAGCTTGCTGACCGC-1","1"
"GAAGGACTAAATTGAA-1","10"
"GAAGGAGTCGAGTGCG-1","3"
"GAAGGGCATAACCATG-1","5"
"GAAGTCAGTTGCACTA-1","6"
"GAAGTCTCCCTAGCGA-1","2"
"GAAGTGATTTATCGTG-1","4"
"GAAGTGCTGGATAGCT-1","3"
"GAAGTTTCCACTCAAT-1","6"
"GAATAGACGCGACCCA-1","0"
"GAATAGCATTTAGGGT-1","3"
"GAATAGCCCTGCGGTC-1","0"
"GAATAGTGCTCGATTA-1","9"
"GAATATTCGGAGTCCC-1","1"
"GAATCGACATGGTCAC-1","1"
"GAATCGCCGGACACGG-1","0"
"GAATCTATACTCGGAC-1","0"
"GAATCTGAACATTCTC-1","4"
"GAATGCCGAAATGACC-1","5"
"GAATGCGAATCGGTTC-1","8"
"GAATGTATGGCAGGTC-1","0"
"GAATGTGGTCCGGATT-1","1"
"GAATGTTGGGTAATCT-1","1"
"GAATTATAGTGAAAGG-1","2"
"GAATTCACCCGGGTGT-1","9"
"GAATTTCTCGCTGCAG-1","1"
"GACAAACATATGCAGG-1","3"
"GACAACGACCATTGAA-1","1"
"GACAACGCAGCTTACG-1","1"
"GACAAGAGATGAGATT-1","10"
"GACACAAGGGAAGAAA-1","8"
"GACACGAGTTAGAGGA-1","1"
"GACACTGAGTTCAGTG-1","7"
"GACACTGGAACCCGAT-1","3"
"GACAGATTTCTGGCTC-1","5"
"GACAGCCAGACCTGAC-1","8"
"GACAGGCACACACTAT-1","5"
"GACATCCGTCGAACTG-1","10"
"GACATCGATTTATAAC-1","7"
"GACCAAACGTTGACTG-1","3"
"GACCAGAGCCCTGTAG-1","4"
"GACCAGGTCATTCATA-1","0"
"GACCCAATTATGATAC-1","7"
"GACCCGTCGCCGGCTA-1","1"
"GACCGACGTGAAAGCA-1","3"
"GACCGACTGAAGCGTC-1","2"
"GACCGATTAAATATGT-1","9"
"GACCGCGTCTGACGTG-1","3"
"GACCGTCAGGTCGTGA-1","0"
"GACCGTGCTGACGGTG-1","4"
"GACCTTCCACGTCTAC-1","2"
"GACGACGATCCGCGTT-1","2"
"GACGAGGCTAATAAAC-1","3"
"GACGCATACCCGTCGG-1","9"
"GACGCCGTAAAGGCTA-1","4"
"GACGCCTGTTGCAGGG-1","1"
"GACGCTTGCTTCTAAA-1","6"
"GACGGACCGCGTTCCT-1","0"
"GACGGGATGTCTTATG-1","5"
"GACGGGTTGGCCCGTA-1","4"
"GACGGTCAATAGAAGC-1","3"
"GACGTGAGACTCCATG-1","6"
"GACGTGTAGGGATTAT-1","6"
"GACTAACACAGCACCT-1","1"
"GACTAAGATCATGCAC-1","1"
"GACTAAGTAGGCTCAC-1","1"
"GACTACAAAGCGGTGG-1","9"
"GACTACAATTGCTCGT-1","0"
"GACTAGGCCGTTAGGT-1","2"
"GACTCACCCACGTGAG-1","3"
"GACTCCCAGAATAAGG-1","3"
"GACTCCTTCCAATTGA-1","7"
"GACTCGCGGGAATGAC-1","0"
"GACTCGGTCGGCGGAT-1","10"
"GACTGATTGGTCACAA-1","0"
"GACTGCAAATCGAGCT-1","2"
"GACTGCACCAGCCCAG-1","1"
"GACTGCGGCACGTGTA-1","0"
"GACTGCTGGTGAGAAA-1","9"
"GACTGGGCGCCGCAAC-1","3"
"GAGACTGATGGGTAGA-1","8"
"GAGACTTCGCGACCGA-1","6"
"GAGAGGGCGCGAGGTT-1","8"
"GAGAGGTGCATTCTGG-1","7"
"GAGAGTCTCGGGAGAG-1","4"
"GAGATCTGCTTGGCAT-1","8"
"GAGATCTGTCACTCCG-1","2"
"GAGATCTTCCATGACA-1","2"
"GAGATGGGAGTCGACA-1","2"
"GAGCACCTGTGTCCAG-1","2"
"GAGCATCAACAACTTG-1","7"
"GAGCATCATCCCTGGG-1","0"
"GAGCCACGGTAGTAGG-1","0"
"GAGCCAGCTACCTGTG-1","3"
"GAGCCGAGCGTTTATT-1","0"
"GAGCGAGGGAGTACCG-1","1"
"GAGCGCAAATACTCCG-1","3"
"GAGCGCGCACGAGTAG-1","0"
"GAGCGCTATGTCAGGC-1","6"
"GAGCGCTGTTAGGTAA-1","7"
"GAGCGGAATGCGGTGT-1","4"
"GAGCTAAGGGCATATC-1","4"
"GAGCTCTCGGACCTAA-1","1"
"GAGCTGTCGTCTCGGA-1","3"
"GAGGAATGGAGAGGTT-1","5"
"GAGGAGATCCTCATGC-1","6"
"GAGGAGTAATTCCTAC-1","6"
"GAGGATAAACAGTGCT-1","3"
"GAGGCCCGACTCCGCA-1","7"
"GAGGCCTGTTGATACA-1","3"
"GAGGCTATCAAAGTCG-1","8"
"GAGGGAGTCAGATCGC-1","7"
"GAGGGCATCGCGTATC-1","1"
"GAGGGCGCAGCTCTGC-1","2"
"GAGGGTAGTAACAAAG-1","9"
"GAGGTACATCCATCTT-1","1"
"GAGGTACGCGTGTCCC-1","2"
"GAGGTCCCAAAGATCT-1","1"
"GAGGTCTTAGTGGGTC-1","3"
"GAGTAAACCGGAAAGT-1","10"
"GAGTAAGGCCACGGGA-1","7"
"GAGTACGGGTATACAA-1","0"
"GAGTAGATACTAGTTG-1","2"
"GAGTATGCCCGCCTTG-1","9"
"GAGTATGCGCGTGCAT-1","1"
"GAGTCAGACCAGAATC-1","4"
"GAGTCCGCTTACCGGA-1","4"
"GAGTGTCAACCAGAAA-1","0"
"GAGTGTGCGGTACCCA-1","2"
"GAGTTGATGGCAATTT-1","4"
"GAGTTGTCACCAGTCT-1","7"
"GATAAATCGGTGGATG-1","0"
"GATAACTCGCACTGTG-1","2"
"GATAAGGCAGATGCAA-1","6"
"GATACGATGGGAGTCA-1","7"
"GATAGGTAACGTTGAC-1","4"
"GATAGTGCGAGTAAGT-1","7"
"GATATCTCATGCAATA-1","1"
"GATATGAGACACTAAC-1","2"
"GATATGCGGTAGCCAA-1","0"
"GATATGGATTACGCGG-1","0"
"GATATTGAGATTGGCG-1","0"
"GATATTTCCTACATGG-1","1"
"GATCAACATAAAGGGA-1","9"
"GATCATTCCAAACATT-1","8"
"GATCCCTTTATACTGC-1","2"
"GATCCGGGAATTAACA-1","2"
"GATCCTAAATCGGGAC-1","0"
"GATCCTCGACACTGGC-1","4"
"GATCCTCTTGCGCTTA-1","0"
"GATCGACACTATCTGA-1","5"
"GATCGCGGGCTCTCCA-1","6"
"GATCGCTACCCGATTT-1","0"
"GATCGCTATATCTCAG-1","4"
"GATCGGATAGAACCAT-1","2"
"GATCGGCGATAAGTCG-1","5"
"GATCGGTGGCCATAAC-1","2"
"GATCGTGACTGATATC-1","2"
"GATCTCGACGCTGTGG-1","5"
"GATCTGCTATCTAAGG-1","4"
"GATCTTGGAGGGCATA-1","2"
"GATCTTTGCAGGGTAT-1","8"
"GATGACAAGTAGGGCA-1","7"
"GATGACGATGATCGCG-1","10"
"GATGAGGAACCTTCGG-1","5"
"GATGATTTGAAACTGG-1","10"
"GATGCCACACTACAGC-1","10"
"GATGCCAGCAGAAGGC-1","5"
"GATGCCTTCTGCGGCA-1","7"
"GATGCGTCCTGCATTC-1","4"
"GATGCTACAAGCGCCT-1","1"
"GATGCTGTATTTCATC-1","1"
"GATGGCGCACACATTA-1","1"
"GATGGTGCCCTAGGCA-1","1"
"GATGTAACGAACCACC-1","7"
"GATGTCCGGATCACAT-1","6"
"GATGTCGGTCAACTGC-1","3"
"GATGTGTTGTCACAAG-1","0"
"GATGTTCAATCCACGA-1","4"
"GATGTTTGTGCGAGAT-1","5"
"GATTAACCGAAAGCCC-1","0"
"GATTAATCCTGGCTCA-1","5"
"GATTACTGAATTTGGG-1","5"
"GATTCCCTTGTCGCAG-1","5"
"GATTCCGCGTTTCCGT-1","1"
"GATTCCTATACGGCGC-1","5"
"GATTCGACGGTTCACG-1","8"
"GATTGACACTCTGCTC-1","0"
"GATTGCTCCAGTTGCA-1","7"
"GATTGGGAAAGGTTGT-1","2"
"GCAAACCCTACATTAT-1","2"
"GCAAACCTTGGCCATA-1","10"
"GCAAACGTAAGCGACC-1","9"
"GCAAACGTCGCCAGGT-1","3"
"GCAAAGGGCGTTAGCC-1","7"
"GCAAATATTACGCTTT-1","1"
"GCAACACACTAGAACT-1","4"
"GCAACAGCAGTATGCG-1","3"
"GCAACCACCAGACCGG-1","0"
"GCAACCACGGCCGCGT-1","4"
"GCAACGGCTAGTTATG-1","3"
"GCAAGAATTCCTTGGC-1","7"
"GCAAGATGTGTTCGCG-1","3"
"GCAAGTGCACAGAGAA-1","2"
"GCAAGTGTAAAGCATG-1","7"
"GCACAAACCCTAGATG-1","7"
"GCACAAACGAGGCGTG-1","3"
"GCACAACCTCGGGCGT-1","9"
"GCACAAGTGTCGGAAG-1","1"
"GCACACACTGGTAGCC-1","3"
"GCACACGCCCATGGTC-1","5"
"GCACAGCACGGGCCGA-1","4"
"GCACGCCTACTTAGAT-1","7"
"GCACGTGGTTTACTTA-1","0"
"GCACTAGTCGCGCTAT-1","1"
"GCACTGCCTACCTTTA-1","1"
"GCACTGTGCAAATGTA-1","6"
"GCAGACCCAGCACGTA-1","0"
"GCAGATCCATAAGACT-1","2"
"GCAGATCCTCGCAAAT-1","1"
"GCAGATTAGGGATATC-1","2"
"GCAGCACACAGCCCAG-1","6"
"GCAGCCTATATCACAT-1","0"
"GCAGCGGTGGGCATTA-1","6"
"GCAGGAACTTAGATCT-1","4"
"GCAGGACTATAGAATA-1","2"
"GCAGGTAGAGTATGGT-1","1"
"GCAGTGTGGCTATAGG-1","3"
"GCATACGAGGTCTTTA-1","1"
"GCATAGAGCACTCAGG-1","8"
"GCATCCCTAACTTTGA-1","0"
"GCATCGGCCGTGTAGG-1","5"
"GCATGAGGGACGCGGC-1","2"
"GCATTCAAGGCAACGC-1","3"
"GCATTCGAAATGAACA-1","1"
"GCATTGTAATTCATAT-1","8"
"GCATTTCCAAGGCTCC-1","3"
"GCCAACCATTTCCGGA-1","3"
"GCCAAGAATACTTCTG-1","4"
"GCCAATAGGGCATCTC-1","0"
"GCCACAATTTAAGGAC-1","7"
"GCCACTCAGAGCGCGA-1","3"
"GCCAGGAAAGAACACT-1","4"
"GCCAGGAGTAACCGAT-1","0"
"GCCAGGCGTTCGCATG-1","0"
"GCCATATTGCACACAG-1","5"
"GCCATCGAGCTGCGTG-1","7"
"GCCATCGATGCTGCAT-1","0"
"GCCATTAGCCTCAAAC-1","7"
"GCCCACCAAGGCTGTC-1","5"
"GCCCAGTTGGTATGCC-1","1"
"GCCCATGGGTGCAATG-1","3"
"GCCCGACTTCTTCCCG-1","4"
"GCCCGAGAGTCTAAAT-1","7"
"GCCCGATCTGTGGTCG-1","8"
"GCCCGCGCGTAAACGG-1","9"
"GCCCGCGCGTTTGACA-1","1"
"GCCCGTAATACCTTCT-1","2"
"GCCCTAGCCGTCGCGA-1","7"
"GCCCTGAGGATGGGCT-1","1"
"GCCGAAATTCCTACGT-1","8"
"GCCGACCCACGACTGC-1","9"
"GCCGATTGGCCAAGCT-1","6"
"GCCGCATTAGTCCGGC-1","1"
"GCCGCTAGATACGCAG-1","0"
"GCCGCTTGTGAGAAAC-1","5"
"GCCGGAAACACATCTT-1","5"
"GCCGGGTTAGGGTCGC-1","4"
"GCCGGTTTGGGCGGAT-1","5"
"GCCGTCGGTTTCGGGC-1","4"
"GCCGTGGAAGAAATGT-1","3"
"GCCTAGCGATCTGACC-1","1"
"GCCTATAGTGTCAGGG-1","2"
"GCCTATTCCGATATAG-1","5"
"GCCTATTTGCTACACA-1","0"
"GCCTCATCTGGAAATA-1","3"
"GCCTCCGACAATTCAC-1","0"
"GCCTCTATACATAGCA-1","2"
"GCCTGCTACACTGAGA-1","10"
"GCCTTCAGCCCTACCG-1","1"
"GCCTTGTATATGCAGT-1","5"
"GCCTTTGTCAGTGGAC-1","7"
"GCGAAACGATCGGGAG-1","0"
"GCGAAACTTAACTGGA-1","2"
"GCGAAGAATCTGACGG-1","2"
"GCGAAGCCATACCCGT-1","1"
"GCGACATGTAAACATC-1","3"
"GCGACCCAACCATCTG-1","4"
"GCGACGATAGTTGTAC-1","7"
"GCGAGAAACGGGAGTT-1","6"
"GCGAGAGGCCATGTAA-1","1"
"GCGAGAGTTGCGTCCA-1","3"
"GCGAGCGCATGCTCCC-1","3"
"GCGAGGCCCGAGCAGA-1","8"
"GCGAGTTCTGCAAAGA-1","8"
"GCGATTCTGGAAGCAG-1","1"
"GCGATTGTTAACGTTA-1","2"
"GCGCAAATATATTCAA-1","9"
"GCGCAAGAGCGCGCTG-1","0"
"GCGCATCCAGTCAGCA-1","3"
"GCGCCGTTCCACGATA-1","6"
"GCGCCTCCCACTCCGA-1","3"
"GCGCGGTCTAGTAACT-1","4"
"GCGCGTCATTGGTACA-1","2"
"GCGCTAAGTATGCATG-1","3"
"GCGCTAATTGAATAGA-1","2"
"GCGCTATGCCGAGGCA-1","7"
"GCGCTGATCCAGACTC-1","0"
"GCGCTGCTTTGCATTT-1","0"
"GCGCTTAAATAATTGG-1","3"
"GCGGACCGCGTTGTGG-1","7"
"GCGGAGAAACTTCGCA-1","7"
"GCGGAGAGGGAGAACG-1","1"
"GCGGCAAAGTATTGCC-1","4"
"GCGGCTCTGACGTACC-1","6"
"GCGGGAACCAGGCCCT-1","1"
"GCGGGCGAGCCTTACC-1","7"
"GCGGTCCCTAGACGCA-1","0"
"GCGGTGAACTGCGCTC-1","3"
"GCGGTTCCCTATCATG-1","7"
"GCGTAAATGGCCATAA-1","3"
"GCGTCCCTAAGACATA-1","4"
"GCGTCGAAATGTCGGT-1","1"
"GCGTCGCCAGGGTGAT-1","5"
"GCGTCTCTGCATTGGG-1","6"
"GCGTGGTACTGGGTTA-1","0"
"GCGTGTATGTCGTATT-1","0"
"GCGTTATATTTGGAAC-1","1"
"GCGTTCGGAGACCGGG-1","0"
"GCTAAACCTGAGGTGA-1","5"
"GCTAACTGAAGTCTGA-1","3"
"GCTAAGTAAAGGCGAT-1","1"
"GCTAAGTAGTTTCTCT-1","2"
"GCTAATACCGAATGCC-1","1"
"GCTACAATCGAGGATA-1","3"
"GCTACAGTACGGACCG-1","5"
"GCTACGACTTATTGGG-1","8"
"GCTACTATAGTAGAGT-1","0"
"GCTAGACCGTCTACTG-1","0"
"GCTAGAGTAGAGATGT-1","3"
"GCTAGCAGGGAGTGGG-1","3"
"GCTAGCGATAGGTCTT-1","7"
"GCTAGCTTGAATAGCT-1","7"
"GCTAGGCACCACGGAG-1","2"
"GCTAGTAGAGCTTGTA-1","4"
"GCTAGTTTCATTGAGG-1","1"
"GCTATACGTCTCGGAC-1","2"
"GCTATCATACTCATGG-1","2"
"GCTATCGCGGCGCAAC-1","5"
"GCTCAATCCGTTTATT-1","7"
"GCTCAATGTAATACCG-1","8"
"GCTCATTACTGCATGT-1","0"
"GCTCCCAGTCGGTCCA-1","3"
"GCTCCGCTCGCTTCAG-1","3"
"GCTCCGGACGTTGATA-1","10"
"GCTCCTGACATACTGG-1","7"
"GCTCGCGGTTCCGCTC-1","5"
"GCTCGCTCATGTCCAA-1","3"
"GCTCGGAATTTAAAGC-1","2"
"GCTCTAAACCCTGACG-1","8"
"GCTCTATGTTACGTGC-1","1"
"GCTCTCGGGTACCGAA-1","2"
"GCTCTTTCCGCTAGTG-1","4"
"GCTGAATCTTCCAATC-1","9"
"GCTGAGGCGTGAGTAT-1","6"
"GCTGCACGGTTTCTTA-1","2"
"GCTGCTAAGTAGTCGA-1","4"
"GCTGCTACTGCGTAGC-1","2"
"GCTGCTCTCCGGACAC-1","5"
"GCTGGACCCAAAGTGG-1","3"
"GCTGGCATATTCACCT-1","2"
"GCTGGCGGCGCATGCT-1","5"
"GCTGGGTCCGCTGTTA-1","6"
"GCTGGTTTAGGCCATA-1","7"
"GCTGTATTACTGGCCC-1","7"
"GCTGTCTGTGATCGAC-1","3"
"GCTGTTGCTACCGAAC-1","3"
"GCTTAATGTAACTAAC-1","0"
"GCTTACGTAGTTAGTA-1","0"
"GCTTATGAAGCAGGAA-1","2"
"GCTTCCATGTAACCGC-1","1"
"GCTTCCGTCCCTAGAC-1","5"
"GCTTCGACGTTCAATC-1","9"
"GCTTGATGATAATCAG-1","0"
"GCTTGGATCGATTAGG-1","0"
"GCTTTCAGAGGAGGTG-1","1"
"GGAAACCTTGTTGAAT-1","0"
"GGAAACTAAATGGGCC-1","3"
"GGAAAGTGCCCATGCC-1","0"
"GGAACCGTGTAAATTG-1","4"
"GGAACCTTGACTCTGC-1","9"
"GGAACGGCCTGCAGCC-1","1"
"GGAACTTTGGCGATTA-1","3"
"GGAAGCTCGCTTACAG-1","0"
"GGAATAACCTCAAGAA-1","1"
"GGAATGCGCTAGCGTG-1","2"
"GGACACAAGTTTACAC-1","3"
"GGACCAACAGGATAAC-1","2"
"GGACCTACGGTAACGT-1","3"
"GGACCTCTAGGCCGCC-1","9"
"GGACGGCTTGCGCAAC-1","3"
"GGACTCGACAGCGCAT-1","7"
"GGACTCGTGAGTGGTC-1","9"
"GGAGAAGTCATTGGCA-1","2"
"GGAGACCATCTACATA-1","4"
"GGAGACGACACCTTTG-1","8"
"GGAGCAACATTTCAAG-1","3"
"GGAGCACCAAGAACTA-1","2"
"GGAGCGAGGCCTACTT-1","2"
"GGAGGATTGAAAGGAG-1","3"
"GGAGGCCGAAGTCGTC-1","3"
"GGAGGCGAAGAACCGC-1","10"
"GGAGGGCTTGGTTGGC-1","2"
"GGAGGGTCAAGTAAGA-1","10"
"GGAGTGCCGCCCTGGA-1","1"
"GGAGTTGATTCTGTGT-1","10"
"GGATACTCATGAATTG-1","0"
"GGATCAAAGGACGAGG-1","0"
"GGATCATCCCGTACGC-1","1"
"GGATCCCTACCAGCTA-1","6"
"GGATCCGGAATATACT-1","2"
"GGATCTTACTGCCCTT-1","9"
"GGATCTTGACTCAACC-1","7"
"GGATGAAGATCGCTGA-1","0"
"GGATGACGCGAGTTTA-1","6"
"GGATGCTGGCGTTCCT-1","5"
"GGATGTCCTTACCGCA-1","2"
"GGATTAAGCTAAGGTC-1","0"
"GGATTCAGTACGGTGG-1","1"
"GGATTCCGCTATACCC-1","1"
"GGATTGAAGTAGCCTC-1","6"
"GGATTGCTGTGACTCC-1","2"
"GGATTTCACTTCTATA-1","1"
"GGCAAAGGCGCCAATA-1","9"
"GGCAAATTACTTTACT-1","4"
"GGCAAGCCCATAGTGG-1","8"
"GGCAAGGCGAAATAGC-1","8"
"GGCAATAGTCAATGAG-1","5"
"GGCACTCCACTGGGCA-1","5"
"GGCAGCAAACCTATGC-1","3"
"GGCAGCGGTAATCCTA-1","0"
"GGCATACAGGTAGCGG-1","5"
"GGCATATCGGTTCTGC-1","0"
"GGCATCAACGAGCACG-1","5"
"GGCCACAAGCGATGGC-1","6"
"GGCCCTCACCCACTTA-1","1"
"GGCCGAGACTCTGGTG-1","9"
"GGCCGGCGTCTGCTAT-1","2"
"GGCCGTTTGGGTTTCA-1","4"
"GGCCTGCTTCTCCCGA-1","0"
"GGCGAAATCTAACTTG-1","2"
"GGCGAGCATCGAGGAC-1","5"
"GGCGAGCGAAACGGCA-1","4"
"GGCGCAGGACATCTTC-1","8"
"GGCGCATGAATTGATG-1","7"
"GGCGCGGAGATCTTTC-1","0"
"GGCGCGTTCGAGTTTA-1","7"
"GGCGCTCCTCATCAAT-1","1"
"GGCGCTTCATTCCCTG-1","2"
"GGCGGAGTAATATTAG-1","8"
"GGCGGTAGGATCATTG-1","8"
"GGCGGTTTGCCGGTGC-1","5"
"GGCGTACCCTATATAA-1","6"
"GGCGTAGGGAAAGCTG-1","2"
"GGCGTCCTATCCGCTG-1","5"
"GGCTAAAGGGCGGGTC-1","0"
"GGCTACTATACACTCC-1","7"
"GGCTATTAAGTTGTAT-1","5"
"GGCTCCTCCACCTGTT-1","4"
"GGCTCGCGTTGAGGTA-1","2"
"GGCTCGTGCCACCAGC-1","1"
"GGCTCTGCTCCAACGC-1","1"
"GGCTGAAATAGCAAAG-1","1"
"GGCTGAGCATCGTAAG-1","0"
"GGCTGGCTAGCTTAAA-1","5"
"GGCTTTCAATAAGGGT-1","5"
"GGGAACCACCTGTTTC-1","5"
"GGGAACGGGAGGTTAG-1","6"
"GGGAACGGTTTCAGAT-1","9"
"GGGAAGACGGTCTGTC-1","2"
"GGGAAGGGCTTTCTCA-1","0"
"GGGAATGAGCCCTCAC-1","0"
"GGGACAGAGTTACTCC-1","9"
"GGGACCCGTATATCTT-1","7"
"GGGACTGCATAGATAG-1","5"
"GGGAGAACTCACAGTA-1","5"
"GGGAGGATGCCCGAAA-1","4"
"GGGAGTAATGGCTGGC-1","0"
"GGGAGTTAATGAGGCG-1","2"
"GGGATGGACCCGCGTC-1","4"
"GGGATGGTCGTAACCG-1","4"
"GGGATTTACCGCACCT-1","2"
"GGGCAACCGCACGTGC-1","7"
"GGGCAGAGCAATCGTT-1","6"
"GGGCAGGATTTCTGTG-1","7"
"GGGCCATTCGTGCTGG-1","7"
"GGGCCCGTCTTAAACA-1","7"
"GGGCCCTACGAAAGGG-1","1"
"GGGCCGGCCGAAGTAC-1","2"
"GGGCCTAAATGGGCTA-1","2"
"GGGCGATATGTGTGAA-1","1"
"GGGCGGCAAATGAATT-1","7"
"GGGCGGGTTCCCTACG-1","4"
"GGGCGGTCCTATTGTC-1","5"
"GGGCGTACATTTATAT-1","1"
"GGGCGTCACCACGTAA-1","4"
"GGGCGTCCACTGGCTC-1","1"
"GGGCGTGGTTTCCCAG-1","2"
"GGGCGTTTACATTCAT-1","9"
"GGGCTATGATCGATGG-1","7"
"GGGCTCATCGAACCCA-1","2"
"GGGCTGCCTAGGGCGA-1","8"
"GGGCTGGTTAGTCGCG-1","8"
"GGGTAATGCTGTGTTT-1","6"
"GGGTACACTCTGGAGG-1","6"
"GGGTACCCACGGTCCT-1","0"
"GGGTACTTCATGAACT-1","8"
"GGGTATGTATGCACTT-1","0"
"GGGTATTCTAGCAAAC-1","9"
"GGGTCACCGTGACGGT-1","6"
"GGGTCACGTGCTTATG-1","10"
"GGGTCAGGAGCTAGAT-1","4"
"GGGTCATGCGTACCAT-1","1"
"GGGTCGTGGCAAGTGT-1","0"
"GGGTCTATCGCTTTCC-1","6"
"GGGTGACACCTTAACT-1","4"
"GGGTGCATATGAAAGC-1","3"
"GGGTGGTCCAGCCTGT-1","3"
"GGGTGTTTCAGCTATG-1","2"
"GGGTTAACATTTGAGT-1","4"
"GGGTTCAGACGAACAA-1","5"
"GGGTTTAGGATAGGAT-1","3"
"GGTAAACTCTGCGCTG-1","10"
"GGTAAATGTGCGTTAC-1","0"
"GGTAACCGGGAGGATA-1","7"
"GGTAACTATGTATCTG-1","0"
"GGTACAAACATGCTAT-1","7"
"GGTACATCTGGGACGA-1","5"
"GGTACCATTAAGACGG-1","0"
"GGTAGAAGACCGCCTG-1","2"
"GGTAGACCGTTGGGCG-1","4"
"GGTAGTGCTCGCACCA-1","2"
"GGTATAGTGACACATA-1","0"
"GGTATTGCCGAGTTTA-1","5"
"GGTCAAGACTACTTCG-1","3"
"GGTCACGTTAGATTCA-1","6"
"GGTCAGTGGGTCCCAC-1","4"
"GGTCATTGTAGTCATA-1","4"
"GGTCCTTCATACGACT-1","6"
"GGTCGGATAAACGGCG-1","0"
"GGTCGGCCAGGAGCTT-1","2"
"GGTCGGTAATTAGACA-1","1"
"GGTCGGTCGTCCACAG-1","4"
"GGTCGTAAGCTCGCAC-1","4"
"GGTCTCCGTCCAGGTT-1","3"
"GGTCTCTGAATGGACT-1","7"
"GGTCTGAGAATCTGGA-1","2"
"GGTCTTGAGCGCTCTT-1","2"
"GGTGAAACCGGGAATG-1","5"
"GGTGAACGGGCTAGCC-1","6"
"GGTGAAGTACAGGGAT-1","9"
"GGTGAGATGCAGATAA-1","0"
"GGTGATAAGGAGCAGT-1","2"
"GGTGATTTCATCTTGT-1","6"
"GGTGCAGAGCCTATCG-1","0"
"GGTGCATAAATGATTA-1","7"
"GGTGCGGATAAGTGGC-1","1"
"GGTGCTGATCACAAAG-1","0"
"GGTGCTGGTACACATT-1","4"
"GGTGGACCACGTGTTA-1","10"
"GGTGGACTGCTCTGGC-1","2"
"GGTGTAAATCGATTGT-1","4"
"GGTGTTCTGTTTCTAC-1","0"
"GGTTACCACCCTCGGG-1","7"
"GGTTAGCTATATGTCT-1","2"
"GGTTAGGCTTGGAGAA-1","5"
"GGTTAGTTACGGCGCC-1","2"
"GGTTCCACCCGCTTCT-1","0"
"GGTTCTACTCGTCTGA-1","0"
"GGTTGTATCGTGAAAT-1","6"
"GGTTGTGTAGCCTGGC-1","0"
"GGTTTAATTACCATCG-1","4"
"GGTTTACAATCTCAAT-1","1"
"GGTTTAGCCTTTCTTG-1","3"
"GGTTTCAATCGGTCAG-1","2"
"GGTTTGAGTGCTGGAA-1","0"
"GGTTTGTGACCTGAGG-1","0"
"GTAACATCTAAGATAA-1","3"
"GTAACTGCCCAAGGAG-1","7"
"GTAACTTGCGGCAGTC-1","0"
"GTAAGCGGGCAGTCAG-1","5"
"GTAAGGATTTGTCGGA-1","0"
"GTAAGTAACAGTCTGG-1","2"
"GTAAGTAGGGTATACC-1","5"
"GTAATAAAGGGCTCCC-1","3"
"GTAATCTGATTCTTCG-1","7"
"GTACACTTACCTGAAG-1","5"
"GTACAGAGGCAAGGGT-1","2"
"GTACGACGGCGCTGCG-1","1"
"GTACGAGATTGCGACA-1","1"
"GTACGCTTCATTGCAC-1","8"
"GTACGTCACGTATTAA-1","10"
"GTACGTTTGCCCGTCA-1","8"
"GTACTAAGATTTGGAG-1","2"
"GTACTCCCTTATCGCT-1","1"
"GTACTCCTGGGTATGC-1","0"
"GTACTGAGGTCGTAAC-1","0"
"GTACTGCATGAAGCGT-1","1"
"GTACTGGAGTTAGACC-1","2"
"GTACTTGGGCACTTCT-1","1"
"GTAGAAACGGGTGGAG-1","5"
"GTAGACAACCGATGAA-1","3"
"GTAGACACGCCTGACT-1","8"
"GTAGACGTCGTTACAT-1","0"
"GTAGAGGGAGACAAGT-1","9"
"GTAGCCAAACATGGGA-1","2"
"GTAGCGCTGTTGTAGT-1","0"
"GTAGCGGCTATACACT-1","8"
"GTAGCTAGTAAGCGCG-1","0"
"GTAGCTCCGGGAGGCT-1","9"
"GTAGCTTCCTCTTGTT-1","0"
"GTAGGTGATCCGTGTA-1","1"
"GTAGTCGCGGGAATCA-1","2"
"GTAGTCTACGATATTG-1","2"
"GTAGTTCGAAGGCGAA-1","4"
"GTATAATCTCCCGGAT-1","6"
"GTATAGGACTCAGTAG-1","1"
"GTATAGTGGCCCATGT-1","0"
"GTATATGTTACGGCGG-1","6"
"GTATCAAACGTTAGCT-1","0"
"GTATCAGCTTGGGTTC-1","1"
"GTATCCTTTGGTAACC-1","3"
"GTATCGGGACGAGCTG-1","5"
"GTATCTCAGTCTTGAC-1","7"
"GTATCTCCCTAACTGT-1","10"
"GTATCTTGTTGCTCAC-1","10"
"GTATCTTTCATAACCA-1","1"
"GTATGAAATTTCACTC-1","4"
"GTATGACGTGGGAAAC-1","6"
"GTATGTGGGTCTAGTT-1","0"
"GTATTAAGGCGTCTAA-1","1"
"GTATTCTGAGAAACGA-1","7"
"GTATTTAATGGCATAA-1","10"
"GTCAAAGAAGTGGTGT-1","7"
"GTCAAAGTTTACATAG-1","0"
"GTCAACCAGGCCTATA-1","10"
"GTCAAGCGGACTCGGG-1","2"
"GTCAATTGTACTGAAG-1","6"
"GTCACAAAGTTTCCAA-1","0"
"GTCACCTGTCTATGTC-1","0"
"GTCACTCTCCAAATCT-1","1"
"GTCAGAATAGTCTATG-1","2"
"GTCAGTTGTGCTCGTT-1","1"
"GTCAGTTTGGTAGTCG-1","1"
"GTCATCTCCTACAGCT-1","6"
"GTCATGCACCTCCGTT-1","8"
"GTCATGCGCGAGGGCT-1","10"
"GTCATGGACATGACTA-1","8"
"GTCATTAGAGCGAACG-1","4"
"GTCATTGCATTGACCC-1","5"
"GTCCAATATTTAGCCT-1","2"
"GTCCATTACTGCTACG-1","0"
"GTCCCAACGTAAAGTA-1","2"
"GTCCCGCGACGTTATG-1","2"
"GTCCGGACCTGAAATT-1","0"
"GTCCGGCTGAATTGCG-1","2"
"GTCCTACAGGCGGCTC-1","5"
"GTCCTACGAATAGTCT-1","3"
"GTCCTAGGATACCTTA-1","9"
"GTCCTTCTAGTGGGTT-1","1"
"GTCCTTTAATGACTTC-1","0"
"GTCGAATTTGGGCGCT-1","7"
"GTCGCCGTTGTGTGTT-1","9"
"GTCGCGTAACCCGTTG-1","2"
"GTCGGATATCTCAGAC-1","1"
"GTCGGATGTAGCGCGC-1","0"
"GTCGGGAAGCAGAAAC-1","2"
"GTCGTACCATCTCGGG-1","6"
"GTCGTATTGGCGTACA-1","0"
"GTCGTCAATTATAAGG-1","1"
"GTCGTGTCTGGTCATC-1","6"
"GTCGTTATTCGCTTAT-1","8"
"GTCTACTCAATTACAA-1","1"
"GTCTAGTGAGCCGCTT-1","0"
"GTCTATCTGAGTTTCT-1","6"
"GTCTATTGGTTCCGGT-1","2"
"GTCTCAAGGCCCGGCT-1","5"
"GTCTCCTGCCAGTATG-1","7"
"GTCTCGACTAAGTTTG-1","3"
"GTCTCGATCTGCTTTC-1","2"
"GTCTCGCCAACACGCC-1","0"
"GTCTGGGCGGTCGAGA-1","4"
"GTCTGTAGGTTGAACA-1","4"
"GTCTTAGTACAGCCGG-1","5"
"GTCTTGAGGAGCAGTG-1","3"
"GTCTTGTAGCTATTCA-1","0"
"GTGAAACGGCGCCACC-1","2"
"GTGAAACGTGCTCCAC-1","0"
"GTGAACTCCCATTCGA-1","3"
"GTGAAGATTTCAAGTG-1","0"
"GTGAAGCCGTATAGTC-1","3"
"GTGAAGTCACGACTCG-1","4"
"GTGACAGCTTCCCACT-1","2"
"GTGACCGCACACTACG-1","2"
"GTGACGAGGGTGACCC-1","3"
"GTGACGCAGGTTTCAT-1","2"
"GTGACTTCAGTAGTGC-1","4"
"GTGAGATAACCTTATA-1","4"
"GTGAGCGTGCTGCACT-1","2"
"GTGAGGACACTTAAGG-1","2"
"GTGAGGAGCGGTTGAG-1","0"
"GTGAGTGGTACAACGC-1","4"
"GTGATCAAGCGTGCAC-1","9"
"GTGATCACTAACGCCT-1","0"
"GTGATCATAGATCTGC-1","4"
"GTGATCCTTGTCATGA-1","2"
"GTGATGCACAACATCT-1","3"
"GTGATTCGCCGCTCAA-1","7"
"GTGCAACAAATGTGGC-1","0"
"GTGCACCAGCTTCAAC-1","4"
"GTGCACGAAAGTGACT-1","0"
"GTGCCATCACACGGTG-1","4"
"GTGCCCGTTCGGATTC-1","2"
"GTGCCGCTTCAAAGGT-1","7"
"GTGCCTAGCTATGCTT-1","6"
"GTGCCTCAGTGTACGG-1","0"
"GTGCGAAATCGAACAC-1","7"
"GTGCGACAGGGAGTGT-1","0"
"GTGCGCAGCTTGCTCC-1","6"
"GTGCGCTTACAAATGA-1","0"
"GTGCGGGACCATCGGC-1","6"
"GTGCGGGTCTCCAAAT-1","1"
"GTGCGTGTATATGAGC-1","2"
"GTGCTCAAGTACTGTC-1","6"
"GTGCTTACATCAGCGC-1","3"
"GTGGAACCTACATGCG-1","3"
"GTGGACCAACCCGATT-1","7"
"GTGGACGCATTTGTCC-1","5"
"GTGGACGTGCTGAGAC-1","0"
"GTGGAGCGTTTACCGA-1","9"
"GTGGAGTCGGCGGTTG-1","7"
"GTGGCAAACAGCGGCA-1","7"
"GTGGCCGGTTTCTCGG-1","9"
"GTGGCGGGCCGTAGCT-1","0"
"GTGGCGGTCCCAGCGT-1","8"
"GTGGCGTGCACCAGAG-1","6"
"GTGGGAAGACTGAATC-1","5"
"GTGGGCTTAGACACAC-1","5"
"GTGGTATAGTCTGCCG-1","7"
"GTGGTCAGCGAAGTAT-1","0"
"GTGGTGGCCAAGTGAA-1","5"
"GTGGTTACTTCTTTCG-1","3"
"GTGGTTTCCGCCTTTC-1","5"
"GTGTACCTTGGCTACG-1","1"
"GTGTATATCAGCGGGC-1","2"
"GTGTATGACTTTAAAG-1","6"
"GTGTCAGTGTACGTGG-1","7"
"GTGTCCGATAAGGCAT-1","0"
"GTGTCGTATAGCGTTC-1","0"
"GTGTGAATAACTTAGG-1","2"
"GTGTGAGCCGAGGTGC-1","5"
"GTGTTACTATGCGTCC-1","8"
"GTTAAAGTAGGACTGG-1","2"
"GTTAACATCACTTAAA-1","2"
"GTTAACTATGTTGTCA-1","3"
"GTTAAGGGTGCGATGT-1","1"
"GTTAAGTTAGAGTGGG-1","0"
"GTTAATGTCTATCTTA-1","5"
"GTTACAATTGGTGACG-1","8"
"GTTACCTACAACTTGC-1","5"
"GTTACGAAATCCACGC-1","6"
"GTTACTTTGGGCCTAG-1","4"
"GTTAGAGTGTGCCGCT-1","1"
"GTTAGCCCATGACATC-1","1"
"GTTAGCCGTAAATCAA-1","3"
"GTTAGGCTACCCGTTT-1","4"
"GTTATAATACGGTGAA-1","3"
"GTTATATTATCTCCCT-1","4"
"GTTATCACCTTCTGAA-1","0"
"GTTATTAAATACGACC-1","3"
"GTTATTAACGTGGGAG-1","6"
"GTTCAATCTATGTCAA-1","3"
"GTTCACAGGAGTCTAG-1","1"
"GTTCAGTCGCCAAATG-1","4"
"GTTCATCGTTTGGCTG-1","0"
"GTTCCAAGACAGCGAC-1","5"
"GTTCCAGTCTGACCAT-1","1"
"GTTCCGTCCGCCTGCA-1","4"
"GTTCGCCATAAGTGCC-1","4"
"GTTCGCTGAGACGTCT-1","3"
"GTTCGGATCGGGAACA-1","0"
"GTTCGGGCGTACCATT-1","3"
"GTTCGTCTAAAGAACT-1","0"
"GTTCGTTGCGGACCAG-1","10"
"GTTCTTCCCTCGATGT-1","1"
"GTTGAACCGGTTCCAT-1","7"
"GTTGAGTCCCGCCGGT-1","2"
"GTTGCACGGAGTTTCG-1","2"
"GTTGCGGACGGTCAGG-1","10"
"GTTGGATTCAGTGGCT-1","1"
"GTTGGATTGAGAACAC-1","2"
"GTTGGATTTGCGTTGG-1","5"
"GTTGGTCATGCTATCC-1","5"
"GTTGTCGTGTTAGTTG-1","1"
"GTTTACGTTCCATCTG-1","8"
"GTTTCAAACGAGTTGT-1","3"
"GTTTCATATCGTCGCT-1","8"
"GTTTCCTGGAGGGTGA-1","1"
"GTTTCTGCAGTCTCCC-1","5"
"GTTTGACCAAATCCTA-1","8"
"GTTTGAGCGGTTATGT-1","1"
"GTTTGGCCCAAGTTAT-1","8"
"GTTTGGCCGCTCAGCG-1","0"
"GTTTGGGCTTGTGAGC-1","4"
"GTTTGGGTTTCGCCCG-1","0"
"GTTTGGTAGGGTCAAC-1","6"
"GTTTGGTGATCGGTGC-1","7"
"TAAACCCAGGAGGGCA-1","7"
"TAAAGAGCCCGAAACC-1","0"
"TAAAGCGGTATTTCCA-1","7"
"TAAAGCGTTAGGAGAA-1","2"
"TAAAGCTGCAATAGGG-1","3"
"TAAAGGAGAAACTAGT-1","0"
"TAAATGAATCCGTTTC-1","1"
"TAAATGCCGTCTCATG-1","3"
"TAAATTTAGTAACACC-1","4"
"TAACAAAGGGAGAAGC-1","0"
"TAACAATATTTGTTGC-1","5"
"TAACAGCGTTTGTGCT-1","7"
"TAACATACAATGTGGG-1","8"
"TAACATACACGCGATC-1","7"
"TAACCGCCCGCAGTGC-1","1"
"TAACCTACCGTCCGAG-1","0"
"TAACCTAGGGAGTCCA-1","3"
"TAACGCTTTGAGAGCG-1","1"
"TAACTATCGAAGGTCC-1","1"
"TAACTATTACGCCAAA-1","3"
"TAACTCATCCGCGCGG-1","4"
"TAACTCCATGGAGGCT-1","0"
"TAAGAGGGACAGGGAC-1","7"
"TAAGATTTAGCGGGAG-1","6"
"TAAGCAGGCGACACGC-1","2"
"TAAGCGCGAATCAAAT-1","9"
"TAAGGAACTTGTGGGA-1","0"
"TAAGGCAACATAAGAT-1","2"
"TAAGGCATAACATCAA-1","4"
"TAAGGCCCGTCACCCT-1","1"
"TAAGGCTGAATCCCTC-1","3"
"TAAGGGCCTGTCCGAT-1","3"
"TAAGGGCTGGGAGAGG-1","2"
"TAAGTAAATGTGCCGC-1","3"
"TAAGTAACATCTTGAC-1","7"
"TAAGTCGCCGAGTATC-1","9"
"TAAGTTGCGACGTAGG-1","0"
"TAATAAACAAGGAGAT-1","0"
"TAATACACAGTAGTAT-1","1"
"TAATAGAACAGAGTTA-1","9"
"TAATAGGTCACCAGAA-1","7"
"TAATAGTGACGACCAG-1","2"
"TAATATTGAAATTCGC-1","0"
"TAATCGATCCGTACGT-1","1"
"TAATGAAAGACCCTTG-1","1"
"TAATTACGTCAGTAGA-1","3"
"TAATTAGATGGATATG-1","6"
"TAATTAGGACATCCGT-1","3"
"TAATTGGAATCGGGAA-1","3"
"TACAAATTGCGGAGGT-1","3"
"TACAACGCACAACTCA-1","4"
"TACAAGCTGTTCACTG-1","6"
"TACAAGTCTCGTGCAT-1","2"
"TACAGAAACGGTGGGC-1","0"
"TACATAGGCATACACC-1","5"
"TACATCCCTATCCCTG-1","4"
"TACATTTCTAACGTGC-1","4"
"TACCAAATAGCCCAGA-1","8"
"TACCAATAAAGTACCA-1","2"
"TACCAGAAGTAGGTTC-1","4"
"TACCAGCTAGGTTTAA-1","1"
"TACCAGGAATCCCGTC-1","7"
"TACCGCGGACTTGCAG-1","1"
"TACCGGCTCACTGCCC-1","8"
"TACCGGTCGTTTCCAT-1","4"
"TACCGTAGGTTAACTA-1","5"
"TACCGTGCCTCGGACC-1","2"
"TACCTACTCCCAGTAT-1","5"
"TACCTCACGCTTGTAC-1","1"
"TACCTCAGTTGTCTGT-1","7"
"TACCTCCACACCAATG-1","9"
"TACCTGCTGCACTGTG-1","1"
"TACCTTAAGATTTCCC-1","7"
"TACGAACACGACTTCA-1","2"
"TACGACGCTTGCTGCG-1","4"
"TACGACTGCCTCTTAG-1","5"
"TACGAGAACTTCACGT-1","8"
"TACGATGTTGATCATC-1","8"
"TACGCAGTTCTTTCCT-1","5"
"TACGCCATATTCTAAT-1","6"
"TACGCCGAGGGTACCC-1","7"
"TACGCCTCCATTCCGA-1","5"
"TACGCTATAGAAACCT-1","3"
"TACGCTCGGTATTGGA-1","10"
"TACGCTGCTGTGTTAA-1","9"
"TACGGGATGCTAGCAG-1","0"
"TACGTAAAGCGGAGTG-1","3"
"TACGTACTAGTGCTGA-1","9"
"TACGTGCACTATGCTG-1","5"
"TACGTTTACCGGCAAT-1","5"
"TACTATGGTTCCTCAG-1","7"
"TACTCCTCTAGTTGAC-1","7"
"TACTCGGCACGCCGGG-1","2"
"TACTCTCCGAACAAAT-1","2"
"TACTCTTACTTTACTG-1","3"
"TACTCTTTCGTCTTCA-1","4"
"TACTGAACAGATTTAG-1","4"
"TACTGAGGGAAGAAAG-1","9"
"TACTGCAATCAATTAC-1","0"
"TACTGGACAGCTCGGC-1","5"
"TACTGTTTCTCTGGTA-1","0"
"TACTTGTTAGTAGTCC-1","2"
"TACTTTACTGAGCCGG-1","3"
"TACTTTCCGCACGCCA-1","4"
"TAGAAACCACTAAGTA-1","3"
"TAGAAAGGTGGCGCTA-1","2"
"TAGAAATTCACGTATA-1","5"
"TAGAATAGCCGATGAA-1","3"
"TAGAATTAAGGGCAAC-1","0"
"TAGACGAAACGCCAAT-1","2"
"TAGACGCCCGTACCGG-1","2"
"TAGACTACCTAGCGTT-1","3"
"TAGAGATCATGCAACT-1","4"
"TAGAGCTACGAAGAAC-1","0"
"TAGAGGTTCTACTTGT-1","0"
"TAGAGTCTAAGCGAAC-1","2"
"TAGATATGGACTGGAA-1","4"
"TAGATCCGAAGTCGCA-1","3"
"TAGATGGTTCCTTACT-1","3"
"TAGATTCAAAGTGCGG-1","4"
"TAGATTCCTGGTTATT-1","1"
"TAGCAACCTGTCACAA-1","5"
"TAGCAGTATGACTAAA-1","0"
"TAGCCAGAGGGTCCGG-1","6"
"TAGCCATTTCAAAGTC-1","2"
"TAGCCGGCGGTCAGCG-1","2"
"TAGCGTCCCTCGATTG-1","3"
"TAGCGTCCGGTGTGGT-1","2"
"TAGCGTTGGGTCTTAC-1","4"
"TAGCTAAGTCCGGGAG-1","2"
"TAGCTAGAAGGCATGA-1","7"
"TAGCTAGTGATGATGG-1","4"
"TAGCTCGCCTGATAAC-1","7"
"TAGCTGATGTGAAGCG-1","8"
"TAGGAACAGCCTCCAG-1","0"
"TAGGCATGTTACGCCA-1","2"
"TAGGCCTATATAGTCT-1","10"
"TAGGCGATGAGGTCTC-1","4"
"TAGGCGGCTGCAAAGA-1","9"
"TAGGCTAAAGTGGCAC-1","10"
"TAGGGAGCTTGGGATG-1","0"
"TAGGGTGTTTCAAGAG-1","2"
"TAGGTCCAAGTAAGGA-1","0"
"TAGGTCGCCGGAACTG-1","0"
"TAGGTGACGATAACCT-1","2"
"TAGGTGAGCCCTACTC-1","2"
"TAGGTGCTCGCCTAGC-1","2"
"TAGGTGTTCCACAGAT-1","6"
"TAGGTTCGAGTTCGTC-1","8"
"TAGTACCACAACTTTC-1","9"
"TAGTACCTTAGTGGTC-1","6"
"TAGTAGCTTATACCAG-1","7"
"TAGTCCCGGAGACCAC-1","4"
"TAGTCCGCAGAGAATG-1","8"
"TAGTCCGTATGCATAA-1","5"
"TAGTCGATCACGGGTT-1","0"
"TAGTCTAACAACGAGA-1","4"
"TAGTCTGCGGCACATT-1","4"
"TAGTCTGTGACGTTGC-1","1"
"TAGTCTTTCCGAATTG-1","5"
"TAGTGCCCTCCAGAGT-1","8"
"TAGTGGAACTCATACA-1","0"
"TAGTGTCAGAAACGGC-1","5"
"TAGTTAAGATAGGATA-1","3"
"TAGTTTATTCTTGCTT-1","0"
"TATAAATCCACAAGCT-1","1"
"TATAAGTGAGGATAGC-1","0"
"TATACACAGACGCCTT-1","6"
"TATACACGCAAAGTAT-1","1"
"TATACCGAGTGCCACA-1","5"
"TATACGCGTCATCACT-1","4"
"TATACTCATGCGGCAA-1","0"
"TATAGAGTCGCTTGAA-1","4"
"TATAGATGGTCGCAGT-1","0"
"TATAGGGTACTCATGA-1","2"
"TATATAGGGCTTTACG-1","7"
"TATATATCGAGAAATG-1","9"
"TATATCAAAGTGATCT-1","4"
"TATATCCCTGGGAGGA-1","3"
"TATATTACAAATGTCG-1","3"
"TATATTCGCGTCGATA-1","1"
"TATCACAGCACGGGCA-1","0"
"TATCACCATGTAAAGT-1","3"
"TATCACCCAACCGACC-1","0"
"TATCACTTCGAGTAAC-1","1"
"TATCAGTGGCGTAGTC-1","6"
"TATCCAATTGGTTATC-1","2"
"TATCCATATCATGCGA-1","1"
"TATCCATCTCGGTTAG-1","4"
"TATCCGCACCGTCGGG-1","4"
"TATCCTATCAACTGGT-1","4"
"TATCCTGCATGGGAAT-1","1"
"TATCGATCTATGCATA-1","3"
"TATCGATGATTAAACG-1","2"
"TATCTACAGAGGTAAT-1","1"
"TATCTACCACAGCGGG-1","6"
"TATCTAGCCTAAAGGA-1","2"
"TATCTGAGCCGATATT-1","4"
"TATCTTGCAATACAAC-1","7"
"TATGAAGACAGGTGCG-1","5"
"TATGATAAATCTAACG-1","0"
"TATGATCCGGCACGCC-1","3"
"TATGATCTTCTCTTTA-1","3"
"TATGATTCTGCTTGGT-1","6"
"TATGCTCCCTACTTAC-1","1"
"TATGGAGTTTCTCGTT-1","6"
"TATGGATGTGCTACGC-1","8"
"TATGGCCCGGCCTCGC-1","2"
"TATGGGACCGAGCAGG-1","8"
"TATGGGTACGTATCGT-1","8"
"TATGGTCTGAGTAACA-1","8"
"TATGGTTAGTGGGAGA-1","0"
"TATGTAAAGTGCTTAA-1","7"
"TATGTAGAAACCCGGC-1","7"
"TATGTCAAGACCGACT-1","0"
"TATGTCTCATTGTGCC-1","1"
"TATTAACACCAAAGCA-1","4"
"TATTAACCTGACCGCG-1","9"
"TATTACCATCCTGCTT-1","0"
"TATTATGTTTGCCTGC-1","4"
"TATTCAATTCTAATCC-1","2"
"TATTCCACTCAGCTCG-1","4"
"TATTCCGAGCTGTTAT-1","0"
"TATTCCGGCAGTCCTA-1","0"
"TATTCCTCCGCCCACT-1","9"
"TATTCGTGCCAGAATA-1","8"
"TATTGCCGGGCTTGTA-1","10"
"TATTTAGTCTAGATCG-1","2"
"TATTTATACCGAGTAG-1","0"
"TATTTGATTTGCACAG-1","10"
"TATTTGTTACCCTTTA-1","2"
"TCAAACAACCGCGTCG-1","5"
"TCAAACTTAGATTGTT-1","1"
"TCAAATTTGAGACTCA-1","2"
"TCAACAAAGATAATTC-1","9"
"TCAACACATTGGGTAA-1","0"
"TCAACATAGCGCCCTA-1","7"
"TCAACATCGACCGAGA-1","8"
"TCAACCATGTTCGGGC-1","1"
"TCAACGAGGAGACAAA-1","4"
"TCAACGCAGGAAATAA-1","9"
"TCAACGCGACCGGCAG-1","5"
"TCAACTAACGTATAAC-1","1"
"TCAACTGCAGAGTCAG-1","3"
"TCAAGAAATACTAGCT-1","3"
"TCAAGCGCGGACGGTA-1","10"
"TCAAGGTTACTACACC-1","0"
"TCAATACGCCGTCATG-1","5"
"TCAATCCGGGAAGTTT-1","5"
"TCACAAACCGAGGTAC-1","0"
"TCACAGATCCTCAAAC-1","6"
"TCACAGCAAACTCGAA-1","7"
"TCACAGGAGAATAAGA-1","7"
"TCACAGGGAATCGCAA-1","8"
"TCACAGGTTATTGGGC-1","5"
"TCACATCTTATCTGAT-1","0"
"TCACCCTCTTAAGATT-1","6"
"TCACCGCTCGGCACTC-1","1"
"TCACGATGTCCGTGGA-1","7"
"TCACGCATTGTAGATC-1","5"
"TCACGGCCCAAGAGAG-1","9"
"TCACGGTCATCGCACA-1","2"
"TCACGTGCCCGATTCA-1","6"
"TCACTACGACCAATGC-1","1"
"TCACTATCGTGCAATC-1","6"
"TCACTCAGCGCATTAG-1","10"
"TCACTCGTGCAACGGC-1","1"
"TCAGAACCTCCACAGG-1","0"
"TCAGACGCTATAGAAG-1","2"
"TCAGCAAATGCATCTC-1","1"
"TCAGCAGTAGGCCCTG-1","4"
"TCAGCCAATCCGTAAA-1","3"
"TCAGGGCGCAAACTCG-1","1"
"TCAGGGTGCACGAAAC-1","0"
"TCAGGGTGTAACGTAA-1","1"
"TCAGGTTCTTTGAGAA-1","8"
"TCAGTACTGACCCGCG-1","1"
"TCAGTAGGGACTATAA-1","7"
"TCAGTGTATACGTCAT-1","7"
"TCAGTTACGGAATGAT-1","0"
"TCATACTTACAGATCC-1","5"
"TCATATGAGCTTTGTT-1","8"
"TCATCACTCGAGCTCG-1","5"
"TCATCCCAGAGGGTGG-1","3"
"TCATCGATGGTCCCAA-1","9"
"TCATGCAGGTTCTCAT-1","1"
"TCATTTAAGTCTCCGA-1","0"
"TCATTTAGAAGTGTGA-1","3"
"TCCAACTCAGCTATCT-1","0"
"TCCAACTTTAAATTCT-1","6"
"TCCAAGCCTAGACACA-1","10"
"TCCAATAAAGGCTACC-1","7"
"TCCACAATGGTTTACG-1","8"
"TCCACATCGTATATTG-1","4"
"TCCACCAAGACATAGG-1","5"
"TCCACCTCTAGCCTTT-1","8"
"TCCACTTTATCTAGGT-1","2"
"TCCAGAGCACCGGTTC-1","4"
"TCCAGCGCTATAAGCG-1","10"
"TCCAGGCGAGTACGGT-1","8"
"TCCAGGGTATATACGA-1","8"
"TCCATCAATACTAATC-1","7"
"TCCATTAGTTGGATAG-1","6"
"TCCATTGTGACCTCGT-1","5"
"TCCCAAACAGACAACG-1","3"
"TCCCAAAGACGAAGGA-1","2"
"TCCCAAAGCCCTAAAT-1","3"
"TCCCACGGAGGGAGCT-1","3"
"TCCCACTCTCTTCCGG-1","3"
"TCCCAGCTTTAGTCTG-1","8"
"TCCCAGGCTTAGCTAA-1","2"
"TCCCGCGTACTCCTGG-1","8"
"TCCCGGGTGTGCTGCT-1","2"
"TCCCGGTCAGGAATTT-1","6"
"TCCCGTCAGTCCCGCA-1","1"
"TCCCGTGTGCAATTTG-1","2"
"TCCCTAGATCAATAGG-1","3"
"TCCCTGGCGTATTAAC-1","7"
"TCCCTGGCTCGCTGGA-1","2"
"TCCCTTAGATTACTCG-1","0"
"TCCCTTGTCTGAAACT-1","10"
"TCCGAACTTGGCTTAC-1","10"
"TCCGAAGTAGTCACCA-1","10"
"TCCGAATGGTCCTGAG-1","3"
"TCCGACCGCTAATCAA-1","4"
"TCCGAGAAGGCTAAGC-1","6"
"TCCGATAATTGCCATA-1","1"
"TCCGATGACTGAGCTC-1","1"
"TCCGATGGTGCGACAT-1","2"
"TCCGATTACATTGCCG-1","1"
"TCCGCCTGTCTACAAG-1","1"
"TCCGCGGCAGCATCTG-1","1"
"TCCGCGGCCCAATGAA-1","0"
"TCCGCTGTCATCCCGG-1","2"
"TCCGCTTATCCCATTA-1","5"
"TCCGGAGGAAGGGCTG-1","0"
"TCCGGCCTAGCGTACA-1","0"
"TCCGGCCTGCATCGAT-1","3"
"TCCGGGCTTGACGGGA-1","10"
"TCCGGTTCGTCCGGTC-1","4"
"TCCGTAACCACAATCC-1","0"
"TCCGTTAAGCTAATAT-1","3"
"TCCGTTTAGCCTTGAA-1","2"
"TCCTAAATTGGGAAGC-1","2"
"TCCTAACCGTCGGGCA-1","7"
"TCCTACATCCACGGCC-1","2"
"TCCTAGCAAAGAAGCT-1","4"
"TCCTCCTAAGACATTC-1","4"
"TCCTCGGGCTGGGCTT-1","2"
"TCCTCTACGAGATGGC-1","1"
"TCCTCTCCAGTTGTCC-1","5"
"TCCTCTGGCCCATTAG-1","1"
"TCCTGCCAACTGGAGA-1","0"
"TCCTGCGTTGATACTC-1","8"
"TCCTGGCGCTGCCTGG-1","0"
"TCCTTACGACGGTCCG-1","0"
"TCCTTCAGTGGTCGAA-1","1"
"TCCTTGTCCTTTAATT-1","4"
"TCCTTTAAATCCGCTT-1","0"
"TCCTTTCTTACGCTTA-1","8"
"TCGAAATTTAGGACCA-1","4"
"TCGAAGAACCGAGCAC-1","3"
"TCGAATATCCCGCAGG-1","7"
"TCGACAACTGAACCCG-1","9"
"TCGAGACCAACACCGT-1","4"
"TCGAGCCAGGCAGGCC-1","4"
"TCGATAGGCTAGTCGC-1","0"
"TCGCAAAGATGCATTT-1","2"
"TCGCACCAGGAGGCAG-1","2"
"TCGCATAAAGGGCGCA-1","10"
"TCGCATCCCTAAGTGT-1","1"
"TCGCATTCAATGACTT-1","6"
"TCGCCCAACTGACTCC-1","6"
"TCGCCGAAGTTGCGTC-1","4"
"TCGCCGACATATTCGC-1","0"
"TCGCCGGTCGATCCGT-1","1"
"TCGCCTCGACCTGTTG-1","6"
"TCGCGTAGCAGTGTCC-1","6"
"TCGCGTCCAGAAGGTC-1","1"
"TCGCTAAACCGCTATC-1","0"
"TCGCTACTGGCTTTGA-1","2"
"TCGCTCGATATATTCC-1","2"
"TCGCTCGGCACCAGCG-1","0"
"TCGCTGGGCGGATTGT-1","5"
"TCGCTGTGCGTAAATC-1","0"
"TCGCTTTAAACGTTTG-1","2"
"TCGGAATGACCATCAA-1","0"
"TCGGAATGCGCTCTGA-1","1"
"TCGGACGCCCAGCCCA-1","2"
"TCGGAGAGTATCGGGA-1","4"
"TCGGAGTACATGAGTA-1","8"
"TCGGATCTGGATGACC-1","7"
"TCGGCGAACCCAAACC-1","3"
"TCGGCGTACTGCACAA-1","4"
"TCGGCTAACTTCCCTT-1","3"
"TCGGCTTGTATCGACG-1","3"
"TCGGGAACGTGCCTAG-1","0"
"TCGGGAGACAGCGTAC-1","8"
"TCGGGATTCAAACATA-1","1"
"TCGGGCACTTCTGGAT-1","6"
"TCGGGCCGTCGTGGTA-1","1"
"TCGGGTGAAACTGCTA-1","0"
"TCGGTCCCGACAATAG-1","4"
"TCGGTCCCTGACTCCA-1","1"
"TCGGTGACCGCTCCGG-1","0"
"TCGGTTAGCCATGTAG-1","0"
"TCGTAAGACGACATTG-1","1"
"TCGTAAGCTCCGAGGA-1","3"
"TCGTATAGTGCAATTA-1","5"
"TCGTATTACCCATTGC-1","2"
"TCGTATTTCGTCCGGA-1","0"
"TCGTCAAGTACGCGCA-1","4"
"TCGTCACACTGTTAGC-1","1"
"TCGTCCGCTGGCGTCT-1","1"
"TCGTCTTAGGCGTTAA-1","2"
"TCGTGTACTATGGATG-1","6"
"TCGTGTATTGGTCACG-1","6"
"TCGTGTCACGCTGACA-1","6"
"TCGTGTTCGACCACAA-1","5"
"TCGTTAGGAGTCCCTA-1","4"
"TCGTTCGTTATTATGT-1","1"
"TCGTTGCTATCCGGTC-1","7"
"TCGTTGGCTCGTCAAT-1","6"
"TCTAAAGAACAGTCTC-1","4"
"TCTAACTGTATGTAAA-1","0"
"TCTAATACTGCCTCAG-1","9"
"TCTACACGTTCATGCA-1","0"
"TCTACCCAATAGAGAG-1","3"
"TCTACCGTCCACAAGC-1","1"
"TCTAGCAATCTCCGCC-1","7"
"TCTAGCATCTTCGATG-1","1"
"TCTAGCATGCCCAGAA-1","8"
"TCTAGGTGGCGACGCT-1","3"
"TCTAGTGATATCGTGG-1","3"
"TCTAGTTATCAGAAGA-1","4"
"TCTATAGGTGGGTAAT-1","10"
"TCTATCATGCAGTTAC-1","1"
"TCTATCGGTCGCAACA-1","1"
"TCTATGCTATAACGAC-1","3"
"TCTATTACGCTGGCGA-1","0"
"TCTATTACTAGAGGAT-1","1"
"TCTCATGAGATAGGGT-1","2"
"TCTCCAACGTAGGTTA-1","2"
"TCTCCACAAGTTGAAT-1","0"
"TCTCCCTGGGCAGCGT-1","2"
"TCTCGAACGAGGTCAC-1","3"
"TCTCGACGTATCGCCG-1","3"
"TCTCGAGGAGGTTCGC-1","3"
"TCTCGGCTCCAGGACT-1","6"
"TCTCTAATAGCTGGTA-1","1"
"TCTCTCGCCGCACATA-1","10"
"TCTCTTACCGCGAACC-1","7"
"TCTGAACCGGTCGGCT-1","1"
"TCTGAACTCGTACCCG-1","0"
"TCTGAAGCACGTGGTC-1","2"
"TCTGAATTCCGTACAA-1","3"
"TCTGACTGTAATGGTT-1","6"
"TCTGAGCAATTGACTG-1","3"
"TCTGATGTATTCTGTC-1","2"
"TCTGCATACCTTGCTT-1","0"
"TCTGCCAGAAACTGCA-1","2"
"TCTGCGTCCGGTTTCT-1","0"
"TCTGGGAACCTTTGAA-1","0"
"TCTGGGTAGCGCTCAT-1","6"
"TCTGTCATACAAGAGC-1","0"
"TCTGTGACTGACCGTT-1","6"
"TCTGTGCCATCATAGT-1","2"
"TCTGTGGCTACATTTC-1","6"
"TCTGTTACCCAGCATA-1","7"
"TCTTACAGAGGTACCG-1","0"
"TCTTACCGGAACTCGT-1","0"
"TCTTACGGCATCCGAC-1","5"
"TCTTACTTATGCCTCT-1","1"
"TCTTAGAGCTCCAATT-1","0"
"TCTTAGAGTGAACTCT-1","0"
"TCTTATGGGTAGTACC-1","10"
"TCTTCCCATGGGCACA-1","0"
"TCTTCGAATAGACGTT-1","8"
"TCTTCGATACCAATAA-1","2"
"TCTTCTATAACCCGCC-1","3"
"TCTTGATGCGTAGCGA-1","8"
"TCTTGCTCCCGATACT-1","1"
"TCTTGGTAACACCAAA-1","2"
"TCTTTAAGACTATGAA-1","0"
"TCTTTAGAGTCTAACA-1","3"
"TCTTTCTCTTAAGGAG-1","0"
"TGAAACCTCAACTCAC-1","10"
"TGAAACTTATGCAAGC-1","3"
"TGAAAGGACCTGACTC-1","2"
"TGAACAAGCAGGGACT-1","7"
"TGAATACCGACGCGTA-1","10"
"TGAATGAGTGTTTCCC-1","7"
"TGAATGTCAGCCGGCC-1","3"
"TGACACTTCTCTTTGC-1","0"
"TGACAGGACAAGTCCA-1","4"
"TGACATCGAGCGGACC-1","0"
"TGACATGTAACGTGAC-1","4"
"TGACCAAATCTTAAAC-1","3"
"TGACCAGCTTCAAAGT-1","3"
"TGACCCAACTCACATT-1","10"
"TGACCCACGTTAGACA-1","5"
"TGACGAATATTTCCCT-1","4"
"TGACGATGCACTAGAA-1","0"
"TGACTATAATCCTTTC-1","8"
"TGACTCCGAATCATAC-1","7"
"TGAGAATGCTTTACCG-1","1"
"TGAGAGATTTACCACG-1","1"
"TGAGATCAAATACTCA-1","0"
"TGAGATTAGGCCCTAA-1","0"
"TGAGCAGTCGTGAAGT-1","6"
"TGAGCCATACAGTCTC-1","5"
"TGAGCGGAAAGTGTTC-1","2"
"TGAGCTTTAATGACGC-1","1"
"TGAGGAGTGCCAGCTT-1","8"
"TGAGGCATGTACTGTG-1","7"
"TGAGGTTGATCCCAAG-1","5"
"TGAGTAAATTAGCGTA-1","4"
"TGAGTGCCTCTTAAAT-1","9"
"TGAGTGGTCCGTGACG-1","1"
"TGAGTGTAACAACGGG-1","10"
"TGAGTTAAAGACATTC-1","3"
"TGATACATTTAGCCGT-1","9"
"TGATAGCGGGATTCTA-1","5"
"TGATCAGGGAACTGCT-1","8"
"TGATCCCAGCATTAGT-1","0"
"TGATCGGTTTGACCCT-1","2"
"TGATCTACGCTGATCT-1","0"
"TGATCTCCGGCGCCAG-1","8"
"TGATGGCTGTTTCTGA-1","0"
"TGATGGGACTAAGTCA-1","6"
"TGATGTCAATTAAGTG-1","3"
"TGATTATGGCACGCAG-1","6"
"TGATTCAGGTCCCGCG-1","8"
"TGATTCCCGGTTACCT-1","4"
"TGATTCGTCTATCACT-1","1"
"TGATTCTGTCGCCGGT-1","4"
"TGATTTATTAGCTGTG-1","5"
"TGATTTCCTCCTGACG-1","1"
"TGCAACCCATCTGCGG-1","3"
"TGCAAGAATGACGTAA-1","8"
"TGCAATCTAACACGGT-1","3"
"TGCAATTTGGGCACGG-1","0"
"TGCACAGTGAAGTTAT-1","0"
"TGCACGAGTCGGCAGC-1","1"
"TGCACTATGTGAGTGC-1","6"
"TGCAGAACTATATCGT-1","5"
"TGCAGAGTACCGAGCA-1","4"
"TGCAGATCGTCCTAGG-1","8"
"TGCAGCTACGTACTTC-1","2"
"TGCAGGATCGGCAAAG-1","1"
"TGCAGTGGTAGGGAAC-1","9"
"TGCAGTTTCCTCCCAT-1","2"
"TGCATATGTCTGTCAC-1","2"
"TGCATGGATCGGATCT-1","2"
"TGCATGTGACCCATAG-1","7"
"TGCATGTGGTAATCTA-1","2"
"TGCCAAAGTCAGACTT-1","8"
"TGCCAATGGGTACTCT-1","7"
"TGCCACCTGGCGAAAC-1","2"
"TGCCAGTACGTGGAGA-1","8"
"TGCCATGGCTTATAAG-1","3"
"TGCCATTACTAAAGAA-1","2"
"TGCCCGTACCGTTAAA-1","2"
"TGCCGGATGTACGAGC-1","4"
"TGCCGTGGATCGTCCT-1","8"
"TGCCTAATTGAAGATT-1","3"
"TGCCTGACATCGGTCA-1","1"
"TGCCTGATCAAACGAT-1","2"
"TGCCTTGGCCAGGCAA-1","2"
"TGCGAATATGGGATTT-1","8"
"TGCGACACCCTAGTGC-1","9"
"TGCGACGGCCGAACGT-1","9"
"TGCGAGAATATTACCC-1","7"
"TGCGAGCCCTTCCGCG-1","0"
"TGCGCAAAGCATTTGG-1","2"
"TGCGCGATTAACGGAG-1","1"
"TGCGGACTTGACTCCG-1","5"
"TGCGGAGTAAAGGTGC-1","1"
"TGCGGCATAGTTCAAC-1","0"
"TGCGGGTATTGGGATC-1","0"
"TGCGGTCTACGAGTAA-1","5"
"TGCGGTGAAATTTCAT-1","0"
"TGCGTAAGAACCTGAT-1","7"
"TGCGTCATGACTGAGC-1","4"
"TGCGTGATTGGGTGTC-1","6"
"TGCGTTTGTTGACACT-1","2"
"TGCTAAGTGTCTATTT-1","0"
"TGCTATACAAACGGAC-1","0"
"TGCTCCACAGTTCTTA-1","0"
"TGCTCGGCGAAACCCA-1","5"
"TGCTCGGTGGGTCACC-1","2"
"TGCTCTTGAGAGTTTG-1","2"
"TGCTGGTTGGACAATT-1","1"
"TGCTGTTGAAGAACTC-1","8"
"TGCTTAGAGAGAATGC-1","9"
"TGCTTCCCAAGCAGTA-1","10"
"TGGAAACGGAGTGAAC-1","6"
"TGGAACCACTGACACA-1","0"
"TGGAAGAAGGGAACGT-1","6"
"TGGAAGACGAACACCA-1","0"
"TGGAAGGATAAAGATG-1","0"
"TGGAATATCCTTGACC-1","0"
"TGGAATTAGACGCTTT-1","10"
"TGGACCAATCTAAGAT-1","2"
"TGGACGCAATCCAGCC-1","7"
"TGGACTGTTCGCTCAA-1","2"
"TGGAGAATAATCGTCC-1","4"
"TGGAGCTAAAGTTCCC-1","3"
"TGGAGTGATGCGATGA-1","5"
"TGGCAAACTAAATTAC-1","2"
"TGGCAACTCGCGCGCC-1","0"
"TGGCAAGCACAAGTCG-1","8"
"TGGCAATGGGACGGCG-1","3"
"TGGCACGAGCTCGAGT-1","3"
"TGGCAGATTACGATCA-1","4"
"TGGCAGCAGTAATAGT-1","6"
"TGGCATGAAGTTTGGG-1","7"
"TGGCCAAACTGAAGTA-1","4"
"TGGCCAATTTGGTACT-1","7"
"TGGCCGTATATTGACC-1","1"
"TGGCGACTGCTCCAAA-1","9"
"TGGCGATCAAGTTATG-1","4"
"TGGCGGTGTGCGATTG-1","6"
"TGGCTACACTCTACCT-1","0"
"TGGCTATGTGACATAC-1","2"
"TGGCTCTTGTCGCGTA-1","8"
"TGGCTTTGGGTAGACA-1","1"
"TGGGAAATGCCTTTCC-1","5"
"TGGGATGCACTCATTC-1","0"
"TGGGCAATAGTTGGGT-1","3"
"TGGGCACAAACAGAAC-1","0"
"TGGGCACGTTCTATGG-1","1"
"TGGGCAGGCCACCGCA-1","10"
"TGGGCCACAAGAGCGC-1","1"
"TGGGCCCATACTAATT-1","8"
"TGGGCCTTGCCTGCAT-1","6"
"TGGGCGATACAATAAG-1","4"
"TGGGTAAGGTTCCCGC-1","0"
"TGGTAAGCAGGATTGA-1","5"
"TGGTAGAATATATGGG-1","3"
"TGGTATCGCATCCCAA-1","0"
"TGGTATCGGTCTGTAT-1","1"
"TGGTCCCACGCTACGG-1","2"
"TGGTCTGTTGGGCGTA-1","8"
"TGGTGATCGTATTTGT-1","6"
"TGGTTAACTTACATTT-1","9"
"TGGTTCAACGGGTAAT-1","2"
"TGGTTCGTAGCAAAGG-1","2"
"TGGTTGGAGGATCCTG-1","1"
"TGGTTTAAACGTGGGT-1","3"
"TGTAACTTGTCAACCT-1","5"
"TGTAATGACCACAATA-1","2"
"TGTACCCGACCCTAAT-1","9"
"TGTACCTACACGAGGG-1","3"
"TGTACGAACAAATCCG-1","8"
"TGTACGCTATCAGCTT-1","3"
"TGTACTGTGCCAAAGT-1","6"
"TGTAGCCATCCCATTC-1","5"
"TGTAGGAGAAATTTCC-1","2"
"TGTAGTGATCTATAAT-1","2"
"TGTATAACAGATCCTG-1","8"
"TGTATCCTTATTCCAT-1","1"
"TGTATGGCGCAGACAG-1","0"
"TGTATTTACCTAATGC-1","3"
"TGTCATTTGTTGGGAA-1","3"
"TGTCCACGGCTCAACT-1","3"
"TGTCCCGACATAGCAC-1","1"
"TGTCCGTGGCGCCTTT-1","5"
"TGTCCTAAGTCACCGC-1","1"
"TGTCGGCATGGTGGAA-1","6"
"TGTCGTTATCACATAT-1","9"
"TGTCTACAGTTTCTGT-1","1"
"TGTGACTACGCCAGTC-1","1"
"TGTGAGACTAGCCCAA-1","10"
"TGTGATTCCAGCGCTT-1","0"
"TGTGCCGGTGCCGGAA-1","3"
"TGTGCTTTACGTAAGA-1","1"
"TGTGGAGGAAGCTTAA-1","5"
"TGTGGCAAAGCGTATG-1","2"
"TGTGGCGGGCTTCTGG-1","8"
"TGTGGCTCCCACCAAC-1","3"
"TGTGGTTGCTAAAGCT-1","4"
"TGTGTCGCGAGTTGCA-1","5"
"TGTGTTCGTATCCAAG-1","1"
"TGTTATTGTATGTGGC-1","2"
"TGTTCCGCTTCCATGA-1","5"
"TGTTCCGGCCTGAGCT-1","4"
"TGTTCGTATTGCGGTG-1","6"
"TGTTCTTCCATTGACT-1","5"
"TGTTGTCAAGAAGTCT-1","2"
"TGTTTAATACTTCATC-1","1"
"TGTTTCGGTACTTCTC-1","1"
"TGTTTCTGAAGCGTGC-1","9"
"TGTTTGAGATCGTCAG-1","0"
"TTAAACAGAGTCCCGC-1","6"
"TTAAACCGGTAGCGAC-1","0"
"TTAAACCTGGTTCCTT-1","6"
"TTAAACTCGAATTCAT-1","3"
"TTAACACCTCGAACAT-1","5"
"TTAACCAACCCTCCCT-1","2"
"TTAACGTCGCAAGACC-1","5"
"TTAACTCACGCGTGGA-1","6"
"TTAACTTCAGGTAGGA-1","4"
"TTAAGACGAACGAACC-1","0"
"TTAAGATAGGATTGAC-1","0"
"TTAAGCCGACAACTTC-1","1"
"TTAAGCGCCTGACCCA-1","5"
"TTAAGGATACGGAGGT-1","6"
"TTAAGGCCCGTACTTT-1","7"
"TTAAGTATTGTTATCC-1","3"
"TTAATCAGTACGTCAG-1","2"
"TTAATGCGAGGTAACT-1","0"
"TTAATGTAGACCAGGT-1","8"
"TTAATTGCTTTGGGTG-1","2"
"TTAATTTCAGACGCGG-1","1"
"TTACAACTACGCATCC-1","1"
"TTACACGATCTGCGAC-1","0"
"TTACAGACCTAAATGA-1","0"
"TTACATCGTGGCCTGG-1","1"
"TTACATGCCACAACTA-1","0"
"TTACCATTGATTACCC-1","1"
"TTACCCATTGCCGGGT-1","0"
"TTACCCTAACAGTCCT-1","1"
"TTACCCTAGGGATTGG-1","6"
"TTACCGCCTTAGGGAA-1","6"
"TTACGGATGGTTCGAG-1","0"
"TTACGGTGTCACCGAG-1","6"
"TTACGTAGCGCGTGCT-1","6"
"TTACTAAAGGACTTTA-1","1"
"TTACTATCGGCTTCTC-1","5"
"TTACTCCGGCCGGGAA-1","2"
"TTACTCTGGTACGTAC-1","4"
"TTACTGGGATATTTCA-1","4"
"TTACTGTTTCTCTACG-1","0"
"TTAGAAGAACATGACT-1","1"
"TTAGAATAAGGGTCGG-1","9"
"TTAGACACGATCGTTG-1","1"
"TTAGACGAGTCACCTC-1","2"
"TTAGAGTTTAGAAGGA-1","2"
"TTAGATAGGTCGATAC-1","6"
"TTAGCAACATGGATGT-1","1"
"TTAGCTAATACGATCT-1","3"
"TTAGCTCTGTAATCCG-1","1"
"TTAGCTGATTTGCCGT-1","1"
"TTAGGTCATAACCGAC-1","4"
"TTAGTAAACCTGCTCT-1","3"
"TTAGTAGGGCGGCGGG-1","8"
"TTAGTTATTCGTGGCA-1","10"
"TTAGTTCAAGTGTTCG-1","3"
"TTATAGATGCACATTA-1","0"
"TTATAGGTAATTGTCT-1","2"
"TTATATACGCTGTCAC-1","8"
"TTATATTTGGCAATCC-1","1"
"TTATCCAATCGAACTC-1","0"
"TTATCCGGGATCTATA-1","0"
"TTATCCTCAAGGAATA-1","7"
"TTATCGCCTGCGAAGC-1","1"
"TTATCTGACATTAGGA-1","6"
"TTATCTGTATCATAAC-1","1"
"TTATGAATGAAAGGGA-1","6"
"TTATGACAAACTGGAT-1","1"
"TTATGATCTTAACGAA-1","2"
"TTATGCGTCCCGGTCC-1","6"
"TTATGTTTGCGATAGA-1","5"
"TTATTAGAGCGTGTTC-1","8"
"TTATTAGGGAAGCATC-1","1"
"TTATTTCATCCCAAAC-1","6"
"TTCAAAGTCTCTAGCC-1","8"
"TTCAACGACCCGACCG-1","0"
"TTCAAGCCGAGCTGAG-1","0"
"TTCAATACTCTGAATC-1","2"
"TTCAATTAGCCATAAT-1","0"
"TTCACGAAAGGATCAC-1","4"
"TTCACTCGAGCACCTA-1","10"
"TTCACTTCCTAGAACG-1","2"
"TTCAGAGTAACCTGAC-1","6"
"TTCAGCCCTGGTCCAC-1","2"
"TTCAGCTGGCGTGCCC-1","0"
"TTCAGGCGTCAAAGCC-1","6"
"TTCAGTTCAAGAGGAG-1","4"
"TTCATAGCCTTGTAAC-1","6"
"TTCATGGCGCAACAGG-1","1"
"TTCCAATCAGAGCTAG-1","3"
"TTCCAATCTGGCTATC-1","9"
"TTCCACACAGATTTGA-1","9"
"TTCCACATTTCTCGTC-1","3"
"TTCCAGACGAGATTTA-1","3"
"TTCCATCATGCGGTGA-1","0"
"TTCCATCGACAGCGTG-1","3"
"TTCCCGACGCTTCACT-1","0"
"TTCCCGGCGCCAATAG-1","4"
"TTCCGCAGAGAAATAT-1","0"
"TTCCGCGTGAGGCGAT-1","5"
"TTCCGGCCTTGAGGCT-1","7"
"TTCCGGCTCGACTTCT-1","6"
"TTCCGGTATCTGTGTC-1","3"
"TTCCGGTTACCCACTT-1","2"
"TTCCTCGAGGGTGTCT-1","1"
"TTCCTCGGACTAACCA-1","3"
"TTCCTCTGCCCGAATA-1","2"
"TTCCTTTCTGTGTTGC-1","6"
"TTCGACAGAGCCCGTG-1","2"
"TTCGACGGGAAGGGCG-1","1"
"TTCGCACTCGCGTGCT-1","5"
"TTCGCACTGTACGACA-1","6"
"TTCGCATCCGGAAGCA-1","6"
"TTCGCCGCTCGCGCTA-1","9"
"TTCGCGCGCCATACGA-1","4"
"TTCGCTAGGAAGTTGT-1","0"
"TTCGCTATCTGACGTG-1","0"
"TTCGGACTGATGCCTT-1","3"
"TTCGGACTGGGCATGG-1","4"
"TTCGGCAACCCGCTGA-1","1"
"TTCGGCTAGAGATGGT-1","1"
"TTCGGGACTAATCGCG-1","1"
"TTCGGGCGCTAGTCTT-1","7"
"TTCGGTACTGTAGAGG-1","8"
"TTCGTAATCCCAGCGG-1","1"
"TTCGTACTCCAGAACG-1","1"
"TTCGTTCAACGAAGTT-1","0"
"TTCTAACCGAAGCTTA-1","2"
"TTCTACCTCAATCGGT-1","4"
"TTCTACCTTTATGTTG-1","0"
"TTCTACTTGCGAGGGC-1","0"
"TTCTAGAAAGTCTTAT-1","7"
"TTCTAGGCCAATTGTG-1","1"
"TTCTATTAAACGCAGC-1","4"
"TTCTCTTACAGGTGAT-1","9"
"TTCTGACCGGGCTCAA-1","2"
"TTCTGCCGCGCCTAGA-1","2"
"TTCTGCGAGCGCCCTT-1","5"
"TTCTGCGGGTTAGCGG-1","2"
"TTCTGCTAGACTCCAA-1","3"
"TTCTTAGTGAACGGTG-1","0"
"TTCTTAGTGGCTCAGA-1","1"
"TTCTTATCCGCTGGGT-1","1"
"TTCTTCCCTTTGATAT-1","0"
"TTCTTCGCAATAGAGC-1","3"
"TTCTTGAGCCGCGCTA-1","7"
"TTCTTGCTAGCATCTC-1","0"
"TTCTTGGACGATCTGC-1","9"
"TTCTTGGAGTAATGAG-1","1"
"TTCTTGTAACCTAATG-1","5"
"TTCTTTGGTCGCGACG-1","0"
"TTGAAAGGTGTAAAGG-1","3"
"TTGAACGAATCCTTTG-1","1"
"TTGAACGACGTGCTGA-1","3"
"TTGAAGAATTCCCAGG-1","1"
"TTGAAGGATGGGCGCC-1","9"
"TTGAATATGGACTTTC-1","8"
"TTGAATCGTTGTATAA-1","4"
"TTGAATTCACGTGAGG-1","0"
"TTGACAGGAGCTCCCG-1","3"
"TTGACATGAACGTGGA-1","4"
"TTGACCAGGAACAACT-1","2"
"TTGACCATGTTCTCCG-1","5"
"TTGACCGTGTTAATGA-1","7"
"TTGACGATTCAGCACG-1","1"
"TTGACGCTCCATGAGC-1","0"
"TTGACTACCATATGGT-1","4"
"TTGACTATTGTCCGGC-1","3"
"TTGAGAAGTTTAGCAT-1","3"
"TTGAGAGTACTGCTAA-1","9"
"TTGAGCAGCCCACGGT-1","3"
"TTGAGCGCCACGTGAT-1","3"
"TTGAGGCATTTAACTC-1","1"
"TTGATCTAACTTTGTC-1","1"
"TTGATGTGTAGTCCCG-1","2"
"TTGATTAGCTGTTTCT-1","4"
"TTGATTATGCAGATGA-1","5"
"TTGCAAGAAGACTCCT-1","4"
"TTGCACAATTCAGAAA-1","2"
"TTGCACGGAGCAGCAC-1","5"
"TTGCATGCTGATCACG-1","4"
"TTGCCAAGCAGAACCC-1","3"
"TTGCCATAGCCCGCTC-1","9"
"TTGCCCTGATCACGGG-1","8"
"TTGCCGCAGACCTACA-1","7"
"TTGCCGCTTTCTAGTA-1","2"
"TTGCCGGTGATCCCTC-1","0"
"TTGCCTAATCCAAAGT-1","7"
"TTGCGGCATCAGAAAG-1","9"
"TTGCGGCGACTCATGC-1","0"
"TTGCGTAGTTTGAGGA-1","5"
"TTGCGTCGGCCAACCG-1","4"
"TTGCGTGAACGCTTAG-1","0"
"TTGCTAGCTACCAATC-1","5"
"TTGCTCATAGTACGTG-1","10"
"TTGCTCCCATACCGGA-1","1"
"TTGCTGAAGGAACCAC-1","1"
"TTGCTGATCATGTTCG-1","5"
"TTGCTGCACCTATCCA-1","1"
"TTGCTGGCCGGGCTTC-1","1"
"TTGGAAGAATACAGTC-1","7"
"TTGGACATGTGGCTTA-1","8"
"TTGGACCATCTGGCAA-1","3"
"TTGGACCTATAACAGT-1","3"
"TTGGAGTCTCCCTTCT-1","5"
"TTGGATATCGTCTACG-1","7"
"TTGGATCGACTTCTGG-1","1"
"TTGGATTGGGTACCAC-1","1"
"TTGGCCATCTTGCGCT-1","5"
"TTGGCCTAGAATTTCG-1","3"
"TTGGCTCAATATGTGT-1","5"
"TTGGCTCGCATGAGAC-1","6"
"TTGGGAAGACGAGCCG-1","4"
"TTGGGACACTGCCCGC-1","1"
"TTGGGACGTAAGAGTT-1","3"
"TTGGGCGGCGGTTGCC-1","2"
"TTGGTCACACTCGTAA-1","7"
"TTGGTTGCGGTGCGCG-1","7"
"TTGTAAGGACCTAAGT-1","4"
"TTGTAAGGCCAGTTGG-1","1"
"TTGTAATCCGTACTCG-1","5"
"TTGTATCACACAGAAT-1","0"
"TTGTCGTTCAGTTACC-1","5"
"TTGTGAACCTAATCCG-1","3"
"TTGTGAGGCATGACGC-1","5"
"TTGTGCAGCCACGTCA-1","4"
"TTGTGGCCCTGACAGT-1","2"
"TTGTGGTAGGAGGGAT-1","4"
"TTGTGGTGGTACTAAG-1","0"
"TTGTGTATGCCACCAA-1","6"
"TTGTGTTTCCCGAAAG-1","5"
"TTGTTAGCAAATTCGA-1","0"
"TTGTTCAGTGTGCTAC-1","2"
"TTGTTGTGTGTCAAGA-1","1"
"TTGTTTCACATCCAGG-1","9"
"TTGTTTCATTAGTCTA-1","7"
"TTGTTTCCATACAACT-1","4"
"TTGTTTGTATTACACG-1","4"
"TTGTTTGTGTAAATTC-1","3"
