"","cluster_label"
"AAACAAGTATCTCCCA-1","0"
"AAACAATCTACTAGCA-1","6"
"AAACACCAATAACTGC-1","7"
"AAACAGAGCGACTCCT-1","2"
"AAACAGCTTTCAGAAG-1","9"
"AAACAGGGTCTATATT-1","4"
"AAACAGTGTTCCTGGG-1","4"
"AAACATTTCCCGGATT-1","2"
"AAACCCGAACGAAATC-1","0"
"AAACCGGGTAGGTACC-1","5"
"AAACCGTTCGTCCAGG-1","7"
"AAACCTAAGCAGCCGG-1","3"
"AAACCTCATGAAGTTG-1","5"
"AAACGAAGAACATACC-1","0"
"AAACGAGACGGTTGAT-1","1"
"AAACGGGCGTACGGGT-1","3"
"AAACGGTTGCGAACTG-1","2"
"AAACTCGGTTCGCAAT-1","3"
"AAACTCGTGATATAAG-1","0"
"AAACTGCTGGCTCCAA-1","8"
"AAACTTAATTGCACGC-1","7"
"AAACTTGCAAACGTAT-1","3"
"AAAGACATGAAGTTTA-1","6"
"AAAGACCCAAGTCGCG-1","0"
"AAAGACTGGGCGCTTT-1","0"
"AAAGGCCCTATAATAC-1","7"
"AAAGGCTACGGACCAT-1","4"
"AAAGGCTCTCGCGCCG-1","4"
"AAAGGGATGTAGCAAG-1","1"
"AAAGGGCAGCTTGAAT-1","6"
"AAAGGTAAGCTGTACC-1","6"
"AAAGTAGCATTGCTCA-1","7"
"AAAGTCACTGATGTAA-1","0"
"AAAGTCGACCCTCAGT-1","1"
"AAAGTGTGATTTATCT-1","0"
"AAAGTTGACTCCCGTA-1","0"
"AAATAACCATACGGGA-1","2"
"AAATAAGGTAGTGCCC-1","0"
"AAATACCTATAAGCAT-1","0"
"AAATAGCTTAGACTTT-1","3"
"AAATAGGGTGCTATTG-1","3"
"AAATCCGATACACGCC-1","3"
"AAATCGTGTACCACAA-1","4"
"AAATCTAGCCCTGCTA-1","2"
"AAATGATTCGATCAGC-1","0"
"AAATGCTCGTTACGTT-1","2"
"AAATGGCATGTCTTGT-1","2"
"AAATGGCCCGTGCCCT-1","4"
"AAATGGTCAATGTGCC-1","5"
"AAATGTGGGTGCTCCT-1","6"
"AAATTAACGGGTAGCT-1","1"
"AAATTACACGACTCTG-1","2"
"AAATTACCTATCGATG-1","2"
"AAATTGATAGTCCTTT-1","7"
"AAATTGCGGCGGTTCT-1","6"
"AAATTTACCGAAATCC-1","2"
"AAATTTGCGGGTGTGG-1","4"
"AACAACTGGTAGTTGC-1","5"
"AACAATACATTGTCGA-1","7"
"AACAATTACTCTACGC-1","5"
"AACACACGCTCGCCGC-1","3"
"AACACGACTGTACTGA-1","0"
"AACACGAGACGCGGCC-1","4"
"AACACGCGGCCGCGAA-1","6"
"AACAGCTGTGTGGCAA-1","7"
"AACAGGAAATCGAATA-1","0"
"AACAGGATGGGCCGCG-1","3"
"AACAGGTAGTATGGAT-1","0"
"AACATATCAACTGGTG-1","2"
"AACATCGATACGTCTA-1","6"
"AACATTGAAGTTGATC-1","7"
"AACATTGGTCAGCCGT-1","6"
"AACATTGTGACTCGAG-1","4"
"AACCAAGACTTCTCTG-1","5"
"AACCAGTATCACTCTT-1","6"
"AACCATAGGGTTGAAC-1","7"
"AACCATGGGATCGCTA-1","2"
"AACCCAGAGACGGAGA-1","2"
"AACCCATCCCATGATC-1","7"
"AACCCGACAACCCGTG-1","4"
"AACCCGAGCAGAATCG-1","3"
"AACCCTACTGTCAATA-1","2"
"AACCCTGGTGGAACCA-1","0"
"AACCGAGCTTGGTCAT-1","1"
"AACCGCTAAGGGATGC-1","0"
"AACCGTTGTGTTTGCT-1","0"
"AACCTAAAGCCGTCCG-1","3"
"AACCTCGCTTTAGCCC-1","3"
"AACCTTTAAATACGGT-1","3"
"AACCTTTACGACGTCT-1","2"
"AACGAAAGTCGTCCCA-1","7"
"AACGATAATGCCGTAG-1","9"
"AACGATAGAAGGGCCG-1","2"
"AACGATATGTCAACTG-1","1"
"AACGCATGATCTGGGT-1","0"
"AACGCGACCTTGGGCG-1","4"
"AACGCGGTCTCCAGCC-1","2"
"AACGCTGTTGCTGAAA-1","3"
"AACGGACGTACGTATA-1","0"
"AACGGCCATCTCCGGT-1","7"
"AACGTACTGTGGGTAC-1","4"
"AACGTAGTCTACCCAT-1","6"
"AACGTCAGACTAGTGG-1","5"
"AACGTGATGAAGGACA-1","2"
"AACGTGCGAAAGTCTC-1","4"
"AACTACCCGTTTGTCA-1","0"
"AACTAGCGTATCGCAC-1","6"
"AACTAGGCTTGGGTGT-1","8"
"AACTCAAGTTAATTGC-1","5"
"AACTCCAGAGCGTGTT-1","2"
"AACTCCTAATCCCATG-1","0"
"AACTCGATAAACACGT-1","3"
"AACTCGATGGCGCAGT-1","6"
"AACTCTCAATAGAGCG-1","1"
"AACTCTCAGTGTGCTC-1","7"
"AACTGATATTAGGCCT-1","2"
"AACTGGGTCCCGACGT-1","2"
"AACTGGGTTCGAGCCG-1","0"
"AACTGGTGTGGGCCTT-1","0"
"AACTTCTGCGTCTATC-1","5"
"AACTTGCCCGTATGCA-1","5"
"AACTTGCGTTCTCGCG-1","6"
"AACTTTAGCTGCTGAG-1","6"
"AAGAAGGATCAGTTAG-1","0"
"AAGACATACGTGGTTT-1","5"
"AAGACCAAATAACTCA-1","7"
"AAGACCCAACTGAACA-1","4"
"AAGACTAACCCGTTGT-1","6"
"AAGACTCACGCCCACT-1","0"
"AAGACTGCAAGCTACT-1","5"
"AAGAGATGAATCGGTA-1","5"
"AAGAGCTCTTTATCGG-1","1"
"AAGAGGATGTACGCGA-1","5"
"AAGAGGCATGGATCGC-1","1"
"AAGAGGCCCTTTGGAA-1","0"
"AAGATGGCACCGGACC-1","7"
"AAGATTGGCGGAACGT-1","2"
"AAGCACCCTGCGTATC-1","3"
"AAGCATACTCTCCTGA-1","3"
"AAGCCGAAGCGGTTTA-1","2"
"AAGCCGCCGTGAAATC-1","7"
"AAGCGCAGGGCTTTGA-1","3"
"AAGCGGCGTCATGGGT-1","0"
"AAGCGTCCCTCATCGA-1","4"
"AAGCTAGATCGAGTAA-1","1"
"AAGCTCGTGCCAAGTC-1","5"
"AAGCTCTTTCATGGTG-1","8"
"AAGGAGAACTTATAAG-1","6"
"AAGGAGCGGTTGGTGC-1","5"
"AAGGATCGATCGCTTG-1","2"
"AAGGATGAGGGACCTC-1","1"
"AAGGCAGGCTGTCTCC-1","0"
"AAGGCGCGTAAAGCTT-1","5"
"AAGGCTGTGCTCATCG-1","5"
"AAGGGAACGACTGGCT-1","7"
"AAGGGACAGATTCTGT-1","1"
"AAGGGACTATGCATTC-1","7"
"AAGGTATCCTAATATA-1","1"
"AAGGTGATAAACCAGC-1","2"
"AAGTAAGCTTCCAAAC-1","6"
"AAGTAGAAGACCGGGT-1","0"
"AAGTAGTGACGCGAGG-1","5"
"AAGTCAATTGTCGTCA-1","2"
"AAGTGACGACCGAATT-1","5"
"AAGTGAGTCGGGTTTA-1","4"
"AAGTGCAAAGGTAGAC-1","3"
"AAGTGCCTTGACTGTA-1","2"
"AAGTGCGTTAGAATCT-1","4"
"AAGTGCTTCTCTATTG-1","4"
"AAGTGTTTGGAGACGG-1","3"
"AAGTTCACTCCAAGCT-1","0"
"AAGTTCAGTCTGCGTA-1","0"
"AAGTTCGGCCAACAGG-1","7"
"AAGTTGTGATGTTATA-1","3"
"AAGTTTACTAATGGCA-1","0"
"AAGTTTATGGGCCCAA-1","3"
"AATAACAACGCTCGGC-1","5"
"AATAACACTAGAACAA-1","7"
"AATAAGTCCTCGAGAC-1","2"
"AATACAATGTTTCAGG-1","6"
"AATACCGGAGGGCTGT-1","7"
"AATACCTGATGTGAAC-1","5"
"AATAGAACAGAGTGGC-1","7"
"AATAGAATCTGTTTCA-1","3"
"AATAGCTACCGCGTGC-1","0"
"AATAGTCCGTCCCGAC-1","8"
"AATATCAAGGTCGGAT-1","6"
"AATATCGAATCAATGC-1","0"
"AATATCGAGGGTTCTC-1","2"
"AATATTGGAGTATTGA-1","5"
"AATCAGACTGCAGGAC-1","6"
"AATCATGTAAAGACTC-1","0"
"AATCCAAGGGCCTGAG-1","0"
"AATCCATGCAAGGGTG-1","6"
"AATCGCCTCAGCGCCA-1","1"
"AATCGCGCAGAGGACT-1","8"
"AATCGGGACACTACGA-1","2"
"AATCGGTATAGCCCTC-1","3"
"AATCGTGAGCCGAGCA-1","3"
"AATCTAGGTTTACTTG-1","4"
"AATCTATGCCGGAGCC-1","0"
"AATCTCTACTGTGGTT-1","5"
"AATCTGCGTTGGGACG-1","1"
"AATCTGGCTTTCTAGT-1","7"
"AATCTGGGTAGACCCT-1","0"
"AATGACAGCAATGTCT-1","4"
"AATGACGTAGGATGTC-1","9"
"AATGACTGTCAGCCGG-1","1"
"AATGAGTTCGCATATG-1","6"
"AATGATGATACGCTAT-1","0"
"AATGATGCGACTCCTG-1","0"
"AATGCAACCGGGTACC-1","5"
"AATGCACCAAGCAATG-1","2"
"AATGGTCCACCGTTCA-1","2"
"AATGGTTCTCACAAGC-1","1"
"AATGTATGGCACTGTA-1","4"
"AATGTGCCCGAGGTGT-1","7"
"AATGTGCTAATCTGAG-1","7"
"AATTAAAGGTCGGCGT-1","4"
"AATTAACGGATTTCCA-1","3"
"AATTACGAGACCCATC-1","4"
"AATTACTCGTACGCTC-1","6"
"AATTAGCGCTGCAGCG-1","3"
"AATTCATAAGGGATCT-1","1"
"AATTCATTGTCATGCA-1","7"
"AATTCCAAGCATGTAC-1","4"
"AATTCGATTCGAGGAT-1","3"
"AATTCTAGAGTTAGGC-1","3"
"AATTGAACGCTCTGGT-1","1"
"AATTGCAGCAATCGAC-1","3"
"AATTGCGTGGATTACA-1","7"
"AATTTGGGACATAGTA-1","0"
"AATTTGGTTCCAAAGA-1","0"
"ACAAACCATGCGTCCT-1","7"
"ACAAACCGACAAGGCG-1","0"
"ACAAAGCATGACCTAG-1","3"
"ACAAATCGCACCGAAT-1","3"
"ACAAATGGTAGTGTTT-1","1"
"ACAAATTCAGATCTGA-1","9"
"ACAACAGCATGAGCTA-1","5"
"ACAACGGTCCCTGCGA-1","2"
"ACAAGCAGTGCCTAGC-1","5"
"ACAAGGAAATCCGCCC-1","9"
"ACAAGGACAAGAGGTT-1","5"
"ACAAGGATGCTTTAGG-1","3"
"ACAAGGGCAGGCTCTG-1","1"
"ACAATAGTCGTACGTT-1","5"
"ACAATCCATTTAAACC-1","5"
"ACAATCGATCTTTATA-1","6"
"ACAATGAATACGGAGA-1","7"
"ACAATTGTGTCTCTTT-1","1"
"ACAATTTGAGCAGTGG-1","1"
"ACACAAAGACGGGTGG-1","1"
"ACACACCAGGACCAGT-1","3"
"ACACACTTTCTACACG-1","0"
"ACACATGATCAAATCT-1","7"
"ACACATTGACGCAACA-1","6"
"ACACCCAGCATGCAGC-1","1"
"ACACCCGAGAAATCCG-1","0"
"ACACCGGTCTGACCGC-1","7"
"ACACCTTAAGTAGGGC-1","5"
"ACACCTTACTACTTGC-1","9"
"ACACGAGACTCCTTCT-1","1"
"ACACGGCACTATGCAT-1","2"
"ACACGGGAACTTAGGG-1","1"
"ACACGTAGGCCACAAG-1","3"
"ACACTCCAATGTCACT-1","0"
"ACACTGATCAAGGTGT-1","4"
"ACACTGGGACAGTCGT-1","6"
"ACAGAACTGAGAACAA-1","7"
"ACAGATTAGGTTAGTG-1","0"
"ACAGCATAGAGCCAGT-1","0"
"ACAGCGACATTCTCAT-1","0"
"ACAGCGCACCCGCAGC-1","2"
"ACAGGCTTGCCCGACT-1","3"
"ACAGGTGGAGGTGAGG-1","7"
"ACAGTAATACAACTTG-1","4"
"ACATAAGTCGTGGTGA-1","4"
"ACATAATAAGGCGGTG-1","1"
"ACATCAGCTGGGACGC-1","2"
"ACATCCCGGCCATACG-1","4"
"ACATCCTGGTAACTGT-1","0"
"ACATCGATCGTTTACC-1","8"
"ACATCGGTCAGCCGCG-1","5"
"ACATCGTATGCAATGG-1","1"
"ACATCGTTAACCTAGT-1","0"
"ACATCTCAACGCGTAA-1","0"
"ACATGGCGCCAAAGTA-1","0"
"ACATGGCTCAATTTAG-1","6"
"ACATTAGTTTATATCC-1","3"
"ACCAAACTAGAAATCC-1","0"
"ACCAACACCACACACT-1","0"
"ACCAACCGCACTCCAC-1","3"
"ACCAACGCTTATTTAT-1","7"
"ACCAAGAACGCGTGTC-1","0"
"ACCAATATGCAAGTTA-1","8"
"ACCACAACTCAGAACA-1","3"
"ACCACAAGTTTCTATC-1","3"
"ACCACCAATGTAACAA-1","0"
"ACCACGTGCAGCTATA-1","3"
"ACCACTGTTCAAGAAG-1","6"
"ACCAGCCCGGTCTTTG-1","0"
"ACCAGGAGTGTGATCT-1","6"
"ACCAGTGCCCGGTCAA-1","9"
"ACCAGTGCGGGAGACG-1","3"
"ACCATATCCGCAATAA-1","4"
"ACCATCCGCCAACTAG-1","9"
"ACCATCGTATATGGTA-1","4"
"ACCCAACGCCCGTGGC-1","1"
"ACCCACCTACATGCTC-1","2"
"ACCCATCTTGAGGGTA-1","1"
"ACCCATTTGTCCCTCT-1","0"
"ACCCGAGCGAAATTAC-1","7"
"ACCCGGAAACTCCCAG-1","3"
"ACCCGGATGACGCATC-1","3"
"ACCCGGTTACACTTCC-1","8"
"ACCCGTGTCATCAGTA-1","4"
"ACCCTATAGGACTGAG-1","5"
"ACCCTATGCCATATCG-1","7"
"ACCCTCCCTTGCTATT-1","1"
"ACCCTTCATCTGCGAA-1","2"
"ACCCTTTAGTTCTCCA-1","2"
"ACCGAAAGGGCCCTGC-1","2"
"ACCGAAGAGTCTGGTT-1","7"
"ACCGACACATCTCCCA-1","8"
"ACCGACTGAGTCCCAC-1","5"
"ACCGATGGTAGCATCG-1","8"
"ACCGCAATAACTGCCT-1","3"
"ACCGCGGTGGAAGTCG-1","0"
"ACCGGGCCTTTGTTGA-1","2"
"ACCGGTCAGGTACACC-1","7"
"ACCGGTCTGAGTACGG-1","6"
"ACCGTCCACTGGGCCC-1","7"
"ACCGTGACCACGTGGG-1","4"
"ACCGTTCCCGCTCTGA-1","0"
"ACCTAAGTACCTTTCA-1","7"
"ACCTAATCGACTTCCT-1","0"
"ACCTACAGTATGTGGT-1","9"
"ACCTACTATAAATCTA-1","4"
"ACCTCCGCCCTCGCTG-1","0"
"ACCTCCGTTATTCACC-1","3"
"ACCTCGAACTTATGCT-1","7"
"ACCTGCGTGTCATGTT-1","9"
"ACCTTTCCTTTAGAAG-1","6"
"ACGAAATGGGCGGCAC-1","5"
"ACGACTGGTCATACTC-1","7"
"ACGAGAACCCATCACG-1","6"
"ACGAGATATTTGCTTA-1","0"
"ACGAGGATACCACTCT-1","7"
"ACGAGGTTTACAACGT-1","7"
"ACGAGTACGGATGCCC-1","0"
"ACGATACATAGAACTA-1","1"
"ACGATCATACATAGAG-1","1"
"ACGATCATCTTGTAAA-1","0"
"ACGATGCATATGTTAT-1","5"
"ACGATGGATCCGATGC-1","0"
"ACGCAAACTAATAGAT-1","4"
"ACGCAATCACTACAGC-1","0"
"ACGCATACGTTTACTA-1","2"
"ACGCATTCGTGAGTAC-1","5"
"ACGCCAGATGATTTCT-1","2"
"ACGCCCAGCTGTCGAT-1","0"
"ACGCCGCTAGACGACC-1","1"
"ACGCGAAGTCAGACGA-1","3"
"ACGCGCTACACAGGGT-1","5"
"ACGCGGGCCAAGGACA-1","5"
"ACGCTAGTGATACACT-1","2"
"ACGCTGTGAGGCGTAG-1","1"
"ACGCTTAGTGTCTCTC-1","2"
"ACGGAATTTAGCAAAT-1","6"
"ACGGACTCTCAAAGCG-1","3"
"ACGGAGCGCAAATTAC-1","0"
"ACGGATGGTGCGGATA-1","3"
"ACGGCACTTGCTTGGG-1","3"
"ACGGCCAACATGGACT-1","4"
"ACGGCGACGATGGGAA-1","1"
"ACGGCGGGTTGCCCTG-1","6"
"ACGGCTGGATGTAGAA-1","7"
"ACGGGAGTGTCGGCCC-1","4"
"ACGGGTCATGTGACTT-1","3"
"ACGTACAGATTTCTCT-1","0"
"ACGTAGATTGCTGATG-1","5"
"ACGTATTACTCCGATC-1","2"
"ACGTCCTAAACGAGAT-1","6"
"ACGTGCGCCTCGTGCA-1","2"
"ACGTGGTCGAATGTGC-1","0"
"ACGTTAATGTCGAAGA-1","1"
"ACGTTAGATTTGCCCG-1","5"
"ACGTTCCGCGCTCCGT-1","6"
"ACGTTCGCAATCAATT-1","0"
"ACGTTCGTTCAGGAAA-1","4"
"ACGTTCTGTACAAGTC-1","3"
"ACGTTTAGTTGTGATC-1","2"
"ACTAATACGTCAGGCG-1","3"
"ACTACATCCCGACAAG-1","7"
"ACTACCAGCTCTCTGG-1","1"
"ACTACGCGTTAGAATT-1","3"
"ACTAGTTGCGATCGTC-1","2"
"ACTATATGCTGTGTTC-1","0"
"ACTATCCAGGGCATGG-1","3"
"ACTATCTGCCCGCGTA-1","0"
"ACTATGTCCAGCTGCC-1","7"
"ACTATTCGTCCGTGGT-1","0"
"ACTATTTCCGGGCCCA-1","7"
"ACTCAACGAATGTATT-1","6"
"ACTCAAGTGCAAGGCT-1","0"
"ACTCAATAAAGGCACG-1","2"
"ACTCAGACCTGCTTCT-1","0"
"ACTCATGGCAGCCTTC-1","7"
"ACTCCAATATCATCAT-1","7"
"ACTCCCATTCCTAAAG-1","3"
"ACTCCCGAATTCGTTT-1","2"
"ACTCCCTAATGCTAAA-1","3"
"ACTCCCTAGAATAGTA-1","1"
"ACTCGCCGTTCGATAA-1","3"
"ACTCGTAACCCGTCCT-1","4"
"ACTCGTCAGTAATCCC-1","1"
"ACTCTCTGACTTAGGT-1","1"
"ACTCTCTTATACACGA-1","0"
"ACTCTTGTATAGTAAC-1","1"
"ACTGAAACGCCGTTAG-1","0"
"ACTGAATGGCGAAAGT-1","1"
"ACTGATTTAGTGATTC-1","0"
"ACTGCCCGCCATTCTC-1","7"
"ACTGCCGTCGTAACTC-1","2"
"ACTGCTCGGAAGGATG-1","4"
"ACTGTACGATACACAT-1","1"
"ACTGTAGCACTTTGGA-1","5"
"ACTGTATACGCGAGCA-1","6"
"ACTGTCCAGGATTATA-1","5"
"ACTGTCTTCTTTAGAA-1","5"
"ACTGTGCTAGTAGATC-1","0"
"ACTGTTTAGTGTAGGC-1","6"
"ACTTACCGGGCGCGCA-1","2"
"ACTTACGCATCCACGC-1","1"
"ACTTAGTACGACAAGA-1","0"
"ACTTATACTTACCCGG-1","1"
"ACTTATCTGATCTATA-1","0"
"ACTTATTAGGATCGGT-1","5"
"ACTTATTTATGTGCCA-1","0"
"ACTTCAGGCTGATCCC-1","3"
"ACTTCCATGCGGGACA-1","3"
"ACTTCGCCATACGCAC-1","1"
"ACTTGACTCCCTCTTT-1","8"
"ACTTGCCATATTGTAC-1","0"
"ACTTGGGACCCGGTGG-1","9"
"ACTTGTAGTCCCTTCA-1","9"
"ACTTGTGGATGGAACG-1","0"
"ACTTTACCCTCATGAA-1","2"
"ACTTTCCTATAGCTTC-1","1"
"ACTTTGACTGCATCCT-1","1"
"ACTTTGGTCGTGCTCC-1","7"
"AGAAATTATGACTCGC-1","6"
"AGAACCCTCAATTGGG-1","7"
"AGAACGTGGTACATTC-1","1"
"AGAAGAGCGCCGTTCC-1","1"
"AGAAGGTACACTTCAC-1","4"
"AGAAGGTTGCCGAATT-1","4"
"AGAAGGTTGTAGGTCG-1","3"
"AGAAGTGATTCGTGAT-1","4"
"AGAATAAATCTTCAGG-1","3"
"AGAATGCGGGTTCGGA-1","6"
"AGAATTATGGATTCGA-1","1"
"AGAATTGTTTGACATA-1","0"
"AGACATAGATCCTTCC-1","0"
"AGACCAAACCACACCT-1","4"
"AGACCATGGGATACAA-1","2"
"AGACCCACCGCTGATC-1","3"
"AGACCCGCCCTCCTCG-1","1"
"AGACCGCTCCGCGGTT-1","0"
"AGACCGGGAAACCCTG-1","1"
"AGACGAAGTGCCGGTC-1","0"
"AGACGACGATGCCGCT-1","7"
"AGACGGGATTGGTATA-1","0"
"AGACGGGCCGATTTAA-1","0"
"AGACTAGCCTTCCAGA-1","1"
"AGACTGTTACCGGGTC-1","7"
"AGAGAAACACCAGAAA-1","7"
"AGAGAACCGTCTAGGA-1","1"
"AGAGAAGGAGTACAAT-1","7"
"AGAGATCTCTAAAGCG-1","5"
"AGAGCAGTTATGAGAC-1","1"
"AGAGCCGCCGAGATTT-1","0"
"AGAGCGGGCTAATCAT-1","1"
"AGAGCGTACAAGCTCG-1","2"
"AGAGGCTTCGGAAACC-1","2"
"AGAGGTATCTCGGTCC-1","6"
"AGAGTAAACTTCACTA-1","0"
"AGAGTTAGAGACCGAT-1","0"
"AGATAACTTCAGGGCC-1","5"
"AGATACCGGTGTTCAC-1","5"
"AGATACGACTTCATAT-1","0"
"AGATACTCAAGATCGA-1","1"
"AGATATAATACGACTA-1","3"
"AGATCGTGCATAAGAT-1","2"
"AGATCTCAGGTGTGAT-1","1"
"AGATGACTCGCCCACG-1","1"
"AGATGAGGGTTGCGAT-1","2"
"AGATGATGGAGTCTGG-1","0"
"AGATGCAAGACGTGCA-1","7"
"AGATGCTATAACGAGC-1","1"
"AGATTATAGGACGTTT-1","8"
"AGATTCACAACCGATA-1","4"
"AGCAAAGGCCGCTAGT-1","3"
"AGCAACATATCTTATT-1","2"
"AGCAACCGAAAGTAAT-1","7"
"AGCACACGTTTAGACT-1","7"
"AGCACCAGTACTCACG-1","2"
"AGCACTACCGGCCTGT-1","3"
"AGCACTACCTCACCAG-1","3"
"AGCACTTAAGGACGCC-1","5"
"AGCAGAAGGAGAAAGA-1","3"
"AGCAGCCAGATGAATA-1","8"
"AGCATATCAATATGCT-1","6"
"AGCATCATTTCGAAAG-1","7"
"AGCATCGTCGATAATT-1","1"
"AGCATTACGAGGCAAG-1","3"
"AGCCAAGCTTTGTGTC-1","5"
"AGCCACAGGTTACCCG-1","0"
"AGCCACTCCCGTGCTT-1","1"
"AGCCCATACATGTAAG-1","5"
"AGCCCGGCATTAGAGG-1","7"
"AGCCCGGTAGCCTGTA-1","4"
"AGCCCTAAGCGAAGTT-1","2"
"AGCCCTCCCTGGTGGC-1","7"
"AGCCCTTCTAATCCGA-1","2"
"AGCCGTGGCTAAATGT-1","4"
"AGCCTAATACCCACGT-1","7"
"AGCCTTAAAGCGGAAG-1","2"
"AGCGACAGGAACGGTC-1","7"
"AGCGACATCCCATTCA-1","1"
"AGCGACCAACGATATT-1","5"
"AGCGAGACGTGAAGGC-1","7"
"AGCGATGCGCCTAATA-1","0"
"AGCGCATAATGAATCG-1","4"
"AGCGCGGGTGCCAATG-1","2"
"AGCGCTTATGGGCAAG-1","0"
"AGCGGACACTTCGTAG-1","3"
"AGCGGCGGTTAGCGGT-1","4"
"AGCGGGAAGGGTCCAT-1","2"
"AGCGGGTCTGACACTC-1","1"
"AGCGGTTGAGATGTAC-1","6"
"AGCGTAGCGCTAGACC-1","6"
"AGCGTCTGAACCCGCA-1","6"
"AGCGTGGTATTCTACT-1","8"
"AGCGTTCCGATTTAAA-1","0"
"AGCTAACAAGCAATGT-1","7"
"AGCTAAGTACGCAGGC-1","3"
"AGCTAGAAGCAGAAGT-1","2"
"AGCTATTTAATCCAAC-1","0"
"AGCTCCATATATGTTC-1","0"
"AGCTCCTTCGCACATC-1","8"
"AGCTCTAGACGTTCCA-1","2"
"AGCTCTTCCCAGTGCA-1","2"
"AGCTCTTCGTAACCTT-1","2"
"AGCTCTTTACTCAGTT-1","4"
"AGCTGAAGTAAACCAA-1","1"
"AGCTGTAACCTCAATC-1","4"
"AGCTTATAGAGACCTG-1","6"
"AGCTTCAATACTTTGA-1","6"
"AGCTTGATCTTAACTT-1","5"
"AGGAAAGCCTCTGATG-1","6"
"AGGAAGCTGTCCGCCG-1","3"
"AGGACAGTCGAATCCC-1","1"
"AGGACATCGCACGTCG-1","0"
"AGGACGACCCATTAGA-1","7"
"AGGACGCTCGATGTTG-1","2"
"AGGAGGCCTTCGCGCG-1","2"
"AGGATAAAGTCGGGAT-1","3"
"AGGATATAGGGATTTA-1","0"
"AGGATCACGCGATCTG-1","4"
"AGGCAAAGAGGAATCA-1","6"
"AGGCACGTGACTGTCC-1","6"
"AGGCAGATGCGTAAAC-1","1"
"AGGCAGGGAGCGTACT-1","4"
"AGGCATTGTCGTAGGG-1","2"
"AGGCCACCCGTTATGA-1","5"
"AGGCCCATTGTACAGG-1","2"
"AGGCCCTAGAACGCCA-1","4"
"AGGCCTGAGAATCTCG-1","3"
"AGGCGGTTTGTCCCGC-1","7"
"AGGCGTCTATGGACGG-1","8"
"AGGCTATGGTTAGCTT-1","5"
"AGGCTTCCCGAAGAAG-1","7"
"AGGCTTGCTAGACACC-1","5"
"AGGGAAACGAGGTACT-1","2"
"AGGGACAGCACGGCGG-1","6"
"AGGGACCGGCTGCGTT-1","0"
"AGGGACTCTACGCGAC-1","4"
"AGGGAGACATACTTCG-1","0"
"AGGGCAGCGGCGTGGT-1","0"
"AGGGCGAGCAGCTGAT-1","3"
"AGGGCGTGATCGGCTA-1","0"
"AGGGCTGCAGTTACAG-1","6"
"AGGGTCAGAGCACTCG-1","7"
"AGGGTCGATGCGAACT-1","3"
"AGGGTGCCGTTCTTTA-1","7"
"AGGGTGCTCTCGAGGG-1","1"
"AGGGTGGATAGTGCAT-1","3"
"AGGGTTCCCTTTGGTT-1","1"
"AGGGTTTAGTTCGGGA-1","5"
"AGGTAACCTCCTATTC-1","0"
"AGGTACGATATTGCCA-1","2"
"AGGTAGATCGAGATAT-1","7"
"AGGTAGGTACAAAGCT-1","5"
"AGGTATAATTGATAGT-1","0"
"AGGTCAGGTGAGAGTG-1","4"
"AGGTCGCCACTTCGGT-1","6"
"AGGTCGCGGAGTTACT-1","2"
"AGGTGGTGACCTTCGC-1","3"
"AGGTGTATCGCCATGA-1","3"
"AGGTTACACCATGCCG-1","0"
"AGGTTCTCCTTTCCGG-1","7"
"AGGTTGAGGCACGCTT-1","1"
"AGGTTTCACACACCTT-1","8"
"AGTAACGTTCATCCTG-1","0"
"AGTAACTATAGCAGCC-1","3"
"AGTAATGTCTTGCCGC-1","1"
"AGTAATTTGCAAGCGT-1","7"
"AGTACATCATTTATCA-1","2"
"AGTACCTTCGAGTGCT-1","6"
"AGTACGGCCCGTATCG-1","3"
"AGTACGGGCACCTGGC-1","1"
"AGTACGTGGCCTGTCT-1","2"
"AGTACTCTTATGCCCA-1","0"
"AGTAGAAGGCGCCTCA-1","4"
"AGTAGCGTGAACGAAC-1","0"
"AGTAGCTAGACGCCGA-1","6"
"AGTAGGAAGGAAGTTG-1","0"
"AGTAGGTAACATACAT-1","0"
"AGTATAATACTAGGCA-1","0"
"AGTATACACAGCGACA-1","4"
"AGTATCCATAATAACG-1","6"
"AGTATGCTGGAGACCA-1","7"
"AGTATTTGGCACGACC-1","4"
"AGTCAAATGATGTGAT-1","7"
"AGTCAACACCACCATC-1","4"
"AGTCAAGATGACACTT-1","3"
"AGTCACTAGCTCTCGA-1","0"
"AGTCACTCCGCCTCAT-1","6"
"AGTCAGCCACCGCCTG-1","6"
"AGTCCAGCGGGTACGT-1","6"
"AGTCCATTGGCTGATG-1","0"
"AGTCCCGCCTTTAATT-1","2"
"AGTCGACGGTCTCAAG-1","1"
"AGTCGGCCCAAACGAC-1","1"
"AGTCGGCTCAACTTTA-1","4"
"AGTCGGTTGCGTGAGA-1","0"
"AGTCGTATAAAGCAGA-1","3"
"AGTCGTCGACCACCAA-1","0"
"AGTCGTGGGCATTACG-1","7"
"AGTCTAAAGTATACTC-1","0"
"AGTCTCACAAGACTAC-1","7"
"AGTCTGGACATCCTTG-1","6"
"AGTCTTCTCCTCAAAT-1","2"
"AGTCTTTAAAGTGTCC-1","3"
"AGTGAACAAACTTCTC-1","0"
"AGTGACCTACTTTACG-1","7"
"AGTGACTGTGACACAA-1","4"
"AGTGAGACTTCCAGTA-1","1"
"AGTGAGCCTCGCCGCC-1","0"
"AGTGAGGGTTTCTGAC-1","0"
"AGTGATAACCTGCGCG-1","0"
"AGTGATATGAGTAGTT-1","4"
"AGTGATTCAAGCAGGA-1","1"
"AGTGCACGCTTAAGAA-1","2"
"AGTGCGTAGCTCGTAA-1","4"
"AGTGCTAAACACAGCA-1","0"
"AGTGCTTGCACGAATA-1","3"
"AGTGGCGGCAATTTGA-1","2"
"AGTGGCGTCTGAAGGT-1","3"
"AGTGGCTCCGTCGGCC-1","1"
"AGTGGTGTTACCCGTG-1","9"
"AGTGTATTGCGCATTG-1","0"
"AGTGTGCTAAGATCGC-1","3"
"AGTGTGGTCTATTGTG-1","2"
"AGTTAAACACTTGCGA-1","4"
"AGTTAAGCGGTCCCGG-1","2"
"AGTTAAGTCAACCGCT-1","7"
"AGTTACCGCACATGGT-1","2"
"AGTTACTCTATCGTGG-1","2"
"AGTTATTGAAAGGTAA-1","0"
"AGTTCCTACAGAATTA-1","6"
"AGTTCCTATTTATGTT-1","8"
"AGTTCTGCGTTGTATC-1","6"
"AGTTGACATCGGCTGG-1","6"
"AGTTGACGGTCCTTGC-1","4"
"AGTTGCTGACTGATAT-1","2"
"AGTTTCGCAGGTCGGA-1","6"
"AGTTTGCACCTGCCTC-1","3"
"AGTTTGGCACGGGTTG-1","2"
"AGTTTGGCCAGACCTA-1","4"
"ATAAACCATTGGACGG-1","6"
"ATAAACGGACCCGTAA-1","4"
"ATAAACGTTGCACCAC-1","0"
"ATAAAGGCTCGGTCGT-1","5"
"ATAAAGGTCAAGTACG-1","0"
"ATAAATATTAGCAGCT-1","5"
"ATAACGCCGGAGGGTC-1","1"
"ATAACGGAGTCCAACG-1","4"
"ATAAGGTGGAGAACAT-1","3"
"ATAAGTAGGATTCAGA-1","0"
"ATAAGTAGGGCGACTC-1","3"
"ATAAGTTACCGCGACG-1","4"
"ATAATACCGTTAGCCG-1","6"
"ATAATAGCTGTTGAAT-1","1"
"ATAATAGTGTAGGGAC-1","0"
"ATAATCTTGGAGAACC-1","3"
"ATAATTAGCTAAGTAG-1","0"
"ATACAGGCCCTCCAAT-1","3"
"ATACCACGGGCAACTT-1","5"
"ATACCAGCAAATTGCT-1","0"
"ATACCAGGCTAATAGA-1","0"
"ATACCAGGTGAGCGAT-1","6"
"ATACCTAACCAAGAAA-1","3"
"ATACGCCGATCTACCG-1","5"
"ATACGCCGGCGAAACC-1","1"
"ATACGGAACGTCGTTT-1","4"
"ATACGGGTTTCGATTG-1","1"
"ATACGGTGAAGATGCA-1","3"
"ATACGTACTTAGCCAC-1","3"
"ATACGTCCACTCCTGT-1","0"
"ATACGTTATGCACGGA-1","1"
"ATACTACCCGTACCAC-1","0"
"ATACTAGCATGACCCT-1","1"
"ATACTCTCGCCACTCT-1","6"
"ATACTGCCTTACACCG-1","8"
"ATACTTGTTCTCGAGC-1","3"
"ATAGACAACGGGACCT-1","1"
"ATAGACGAAGAGAAAG-1","5"
"ATAGAGTACTGGGACA-1","1"
"ATAGAGTTATCAACTT-1","1"
"ATAGATTTGCAGTCGG-1","6"
"ATAGCAACTAGGGAAG-1","3"
"ATAGCCTCAGTACCCA-1","6"
"ATAGCTGCTCTTGTTA-1","3"
"ATAGGAATCTAAGCTT-1","6"
"ATAGGCGGCTATAGAA-1","4"
"ATAGGCTAGCTTCGCA-1","2"
"ATAGGGATATCCTTGA-1","1"
"ATAGGTTGGGCAGATG-1","4"
"ATAGTCTTTGACGTGC-1","6"
"ATAGTGAAGCGTTCTC-1","4"
"ATAGTTCCACCCACTC-1","0"
"ATATAAAGCGCTCGTG-1","3"
"ATATAAATGTAGCTGC-1","3"
"ATATAACACGGGCGCA-1","3"
"ATATACGCTCGTGACG-1","0"
"ATATAGAGTATTGGTC-1","7"
"ATATCAACCTACAGAG-1","3"
"ATATCAATTCCAGCCT-1","4"
"ATATCGGTAGGGAGAT-1","0"
"ATATCGTGCCAGACCC-1","0"
"ATATCGTTCCTCGAAC-1","2"
"ATATCTCCCTCGTTAA-1","2"
"ATATCTTAGGGCCTTC-1","5"
"ATATGTCTCCCTAGCC-1","1"
"ATATTCAGTTAAACCT-1","4"
"ATATTCCACATAGTGA-1","3"
"ATATTCCCACAGGTCA-1","0"
"ATATTGCTGTCAAAGT-1","0"
"ATATTTAACCCTCAAG-1","3"
"ATCAAACACTGTTCCA-1","0"
"ATCAAACGAAGGTTTG-1","7"
"ATCAATCTGGGCTGCA-1","5"
"ATCAATGCCGTGGCTG-1","7"
"ATCACATTAGAATATC-1","1"
"ATCACGTGCTAATTAA-1","4"
"ATCACTTCATCCTCGC-1","2"
"ATCAGACGGCACGCCG-1","7"
"ATCAGCCTCATGCTGC-1","3"
"ATCAGCTCGTCCACTA-1","4"
"ATCAGGTCGCCATTGC-1","0"
"ATCAGTAGGCAGGGAT-1","1"
"ATCATAGCCCTATGTA-1","0"
"ATCATCCAATATTTGT-1","5"
"ATCATCTGCCCAGTGT-1","0"
"ATCCAACGCAGTCATA-1","1"
"ATCCAATGGAGGGTCC-1","5"
"ATCCACATCGACAGAA-1","3"
"ATCCACGCTAAATGTT-1","0"
"ATCCAGAGCAACAACC-1","4"
"ATCCAGGATTCGTGAA-1","4"
"ATCCCATCCACAGCGC-1","7"
"ATCCTACCTAAGCTCT-1","4"
"ATCCTGAATCGCTGCG-1","5"
"ATCCTGCGTGGAATGG-1","4"
"ATCCTGCTGCAGATAG-1","6"
"ATCGACCCAATACAGA-1","8"
"ATCGACTCTTTCCGTT-1","1"
"ATCGCACGATTGTTCA-1","6"
"ATCGCACGCCGGGAGA-1","1"
"ATCGCCAGTCAACATT-1","0"
"ATCGCTGCGTGCAGCA-1","0"
"ATCGGAGACAGACGGC-1","3"
"ATCGGCAAGCAGTCCA-1","2"
"ATCGTGGAAAGTCTGG-1","7"
"ATCGTTAGCTAGCGGA-1","0"
"ATCGTTCACTTTCGCC-1","2"
"ATCTAATATCCTACGG-1","3"
"ATCTAGCTTGTGAGGG-1","1"
"ATCTCCCACGGAATAT-1","0"
"ATCTCCCTGCAATCTA-1","1"
"ATCTCGTGAGCGAAAC-1","0"
"ATCTGACATGGAAGGA-1","4"
"ATCTGATAGTGTCTTA-1","6"
"ATCTGCACCTCTGCGA-1","2"
"ATCTGCTGTTATCGCC-1","9"
"ATCTGGGCTGTTCTTG-1","3"
"ATCTGGTTAAGACTGT-1","1"
"ATCTGTAATTGTACCC-1","0"
"ATCTTAGGGCATTAAT-1","7"
"ATCTTATCGCACACCC-1","3"
"ATCTTGACCTGCAACG-1","5"
"ATCTTGACTTGTCCAA-1","0"
"ATGAAGCCAAGGAGCC-1","1"
"ATGACGCCGGCTCTAA-1","1"
"ATGACGCGTTCTATCC-1","7"
"ATGACTATCAGCTGTG-1","4"
"ATGACTATGCGACATT-1","3"
"ATGAGGAGTGTTAATC-1","1"
"ATGATCGGGAATAGAC-1","0"
"ATGATGCAATGGTACA-1","4"
"ATGCACGCGCTGTTCA-1","7"
"ATGCACTACCGCATTG-1","5"
"ATGCATGATCCAGGAT-1","5"
"ATGCATTCCGTGATGG-1","6"
"ATGCCAATCGCTCTGC-1","8"
"ATGCCATTTGCGACCA-1","2"
"ATGCCGGTCTTGCATA-1","1"
"ATGCCGGTTGATGGGA-1","2"
"ATGCGACAATTGGTCC-1","3"
"ATGCGACAGTCCCATT-1","4"
"ATGCGAGTCCCACCAC-1","0"
"ATGCTCAGTGTTGCAT-1","0"
"ATGCTCTGGCGCGGTA-1","3"
"ATGCTTAGGAGTTGAT-1","0"
"ATGGAAATTTAAGGAG-1","4"
"ATGGAGCAGGCCGTGA-1","5"
"ATGGATCCGGCGTCCG-1","1"
"ATGGATTGACCAAACG-1","5"
"ATGGCAGCATTACGAT-1","7"
"ATGGCTGGAAATGGCC-1","2"
"ATGGGAACGGAAGCGG-1","0"
"ATGGGACCTGCTGAAC-1","7"
"ATGGGCCTCGGCCTCT-1","2"
"ATGGGTGTATACCTCC-1","7"
"ATGGTATTTACTGATT-1","7"
"ATGGTCGCGTGGTTTC-1","1"
"ATGGTGCTCAAAGCCA-1","6"
"ATGTAAGGCTGCTCTT-1","0"
"ATGTACATGCGGTGAG-1","3"
"ATGTACGATGACGTCG-1","1"
"ATGTAGCGCGCGTAGG-1","3"
"ATGTGAAAGCCTAATG-1","4"
"ATGTGCATCCGACGCA-1","1"
"ATGTGGACATCTTGAT-1","1"
"ATGTGTAGTTTAGTCA-1","0"
"ATGTTACGAGCAATAC-1","0"
"ATGTTCGTCGACCCAC-1","1"
"ATGTTGTAGTCTGTTT-1","4"
"ATTAAACATGCGGACC-1","3"
"ATTAATACTACGCGGG-1","2"
"ATTAATGAACCAGTCG-1","1"
"ATTAATTCGGTCACTC-1","1"
"ATTACAACTACCGGCC-1","2"
"ATTACATGTCAGTCTT-1","0"
"ATTACCACACTGCCTG-1","2"
"ATTACGCGCTGGCAGG-1","5"
"ATTACTAGCCTCTTGC-1","1"
"ATTACTTACTGGGCAT-1","2"
"ATTAGATTCCTCAGCA-1","0"
"ATTAGATTGATAGCGG-1","0"
"ATTAGGCGATGCTTTC-1","2"
"ATTATACTTTGCTCGT-1","2"
"ATTATAGCTACTTTAC-1","8"
"ATTATCTCGACAGATC-1","0"
"ATTATGAGACCCAATT-1","7"
"ATTATGCCATAGGGAG-1","1"
"ATTATTATGTCCGTCA-1","7"
"ATTCAAAGTACCTGTT-1","3"
"ATTCAACCATTTAAGG-1","0"
"ATTCACTGATGTTGGA-1","3"
"ATTCAGGACCTATTTC-1","2"
"ATTCAGGATCGCCTCT-1","0"
"ATTCAGTAGCAGGGTC-1","5"
"ATTCATATACTGTCCA-1","4"
"ATTCATCGTTGAGGCA-1","0"
"ATTCCCACATAAACAA-1","5"
"ATTCCTAAGACGTGGA-1","0"
"ATTCCTCCGCCAGTGC-1","5"
"ATTCCTTCCAGGCGGT-1","6"
"ATTCGACGCCGGGCCT-1","5"
"ATTCGTGCTATCTCTT-1","0"
"ATTCTCGTCTCTTTAG-1","0"
"ATTCTGAGTATGAACT-1","0"
"ATTCTTCGTACTTATG-1","0"
"ATTGAAGATCTTAGTG-1","5"
"ATTGACGTAACTCGGT-1","2"
"ATTGATAGCAACGAGA-1","6"
"ATTGATCACCACATTT-1","4"
"ATTGATGAGTCCTAAC-1","2"
"ATTGCCTATTAGACCG-1","7"
"ATTGCCTTTATGTTTG-1","3"
"ATTGCGATCAGTAACT-1","2"
"ATTGCTGCTCCTCCAT-1","5"
"ATTGGATTACAGCGTA-1","8"
"ATTGGGAATATCTTGG-1","0"
"ATTGGTTGTGCATTAC-1","3"
"ATTGTACAACTCGGCT-1","3"
"ATTGTCGCAATACCTT-1","2"
"ATTGTGACTTCGCTGC-1","3"
"ATTTAACTCGTATTAC-1","2"
"ATTTACAGTTTACTGG-1","5"
"ATTTACTAAGTCCATT-1","2"
"ATTTCATTATTTCGCG-1","1"
"ATTTCCGGGTTCTGCG-1","7"
"ATTTGCCTAGTTACGA-1","6"
"ATTTGCGCGAGTAGCT-1","4"
"ATTTGTCTTGGGAGCT-1","1"
"ATTTGTTCCAGGGCTC-1","1"
"CAAACGAGTATCGCAG-1","4"
"CAAACGGTCGCACTTT-1","1"
"CAAACGTGGTCTTGCG-1","0"
"CAAACTACGATAGAGA-1","0"
"CAAACTATTGAGCTTC-1","0"
"CAAACTCGCGACGCCG-1","0"
"CAAAGATTATTGGGCC-1","7"
"CAAATCTCTCACAAGG-1","4"
"CAAATGCGGAGTGTTC-1","6"
"CAAATGTCCTTCCGTG-1","4"
"CAAATTGTCAGCAAGC-1","0"
"CAACAGAATAACGCTA-1","0"
"CAACAGTGCCAAACGG-1","6"
"CAACATGGCCTGATAA-1","6"
"CAACCTACCGAGCAGT-1","2"
"CAACGACCCGTTTACA-1","1"
"CAACGGTTCTTGATAC-1","2"
"CAACGTGGTGGAGTCT-1","0"
"CAACTATATCGAATGC-1","0"
"CAACTCCAACGTTTAG-1","0"
"CAACTCCGTAACTTGC-1","4"
"CAACTCCTTGATCCCG-1","2"
"CAACTGCTCATCCGAT-1","4"
"CAACTTGTAGTGGGCA-1","0"
"CAAGAGGGCGGAGTAC-1","1"
"CAAGATATTATAACGT-1","3"
"CAAGCAACGTCGGAGT-1","5"
"CAAGCACCAAATGCCT-1","1"
"CAAGCGGCACATAATT-1","3"
"CAAGGATCGCATGTTC-1","8"
"CAAGGTCCTATAGGCT-1","0"
"CAAGTGAACTTTGGTT-1","0"
"CAAGTGTGGTTGCAAA-1","2"
"CAATAAACCTTGGCCC-1","1"
"CAATACGCTCTGAGGC-1","1"
"CAATATGTAGATTTAC-1","6"
"CAATATTCTTGACCTA-1","7"
"CAATCCATTATCCGTT-1","3"
"CAATCCCTATACCAGC-1","2"
"CAATCCTGCCGTGGAG-1","6"
"CAATGCGAGAAGTATC-1","3"
"CAATGGAATCTACATA-1","2"
"CAATGGATCTCTACCA-1","1"
"CAATGGTCGGCCTGGG-1","6"
"CAATGTGCCAACCCTT-1","9"
"CAATTAAGGGTGATGA-1","1"
"CAATTTCGTATAAGGG-1","5"
"CAATTTGACCGGGAAG-1","6"
"CACAAGAAAGATATTA-1","6"
"CACAAGCTAAGAAAGG-1","7"
"CACAATGAGCTGCTAT-1","4"
"CACACACGCTAACGAG-1","0"
"CACACAGCTTGCGCTC-1","0"
"CACACAGGGATAGATT-1","6"
"CACACGCGCTGTCTTA-1","2"
"CACACGTTTCAATGGG-1","2"
"CACACTTGTATTGCGA-1","2"
"CACAGAGACGAGGACG-1","7"
"CACAGCACCCACGGCA-1","5"
"CACAGCTAGGGAGTGA-1","1"
"CACAGGGCCATATAGT-1","0"
"CACAGGGCCGTTGTCA-1","3"
"CACAGTCCCGCTTCGC-1","3"
"CACAGTTCGCTTCCCA-1","2"
"CACATAAGGCGACCGT-1","5"
"CACATATTAGCAGGAT-1","8"
"CACATCGTGCACGCGC-1","7"
"CACATCTCACCGACGA-1","3"
"CACATGATTCAGCAAC-1","5"
"CACATGTTTGGACATG-1","6"
"CACATTCTTTCGATGG-1","0"
"CACATTTCTTGTCAGA-1","2"
"CACCAGTCAGCATGCA-1","7"
"CACCATCGGAGGAGAC-1","2"
"CACCCAAATCTTATGT-1","3"
"CACCCACACGTCACCC-1","0"
"CACCCACGAGGCAATT-1","0"
"CACCCGGTTTGTGACT-1","7"
"CACCCTAACAAGATCT-1","0"
"CACCCTTGGTGAGACC-1","4"
"CACCCTTTCCTCGCTC-1","6"
"CACCGATACACCGAGC-1","0"
"CACCGCCAGAAGGTTT-1","1"
"CACCGCCGACCAGCGA-1","2"
"CACCGCGTCCACTCTA-1","2"
"CACCGGAGATATCTCC-1","0"
"CACCGGTAGAGACATT-1","7"
"CACCGTATCCCATCCG-1","0"
"CACCGTTAGGGATCAC-1","7"
"CACCGTTGCGCGATAT-1","4"
"CACCTAATAGAGTCGT-1","0"
"CACCTAATCAGTTTAC-1","1"
"CACCTCGATGGTGGAC-1","1"
"CACCTTGCGAAACTCG-1","1"
"CACCTTGGCGCCTTTG-1","0"
"CACGAAAGTTAGTCCC-1","5"
"CACGACCACAGACTTT-1","6"
"CACGACGTAATAGTAA-1","6"
"CACGACTAAAGTTCTG-1","6"
"CACGATTGGTCGTTAA-1","6"
"CACGCACAGCGCAGCT-1","2"
"CACGCAGCGAGGCTTT-1","5"
"CACGCGGAACTGTTGC-1","0"
"CACGGCGCGCCAAAGG-1","0"
"CACGGGATTGAGGGTT-1","0"
"CACGTCGGCAACCTCT-1","4"
"CACGTCTATGATGTGG-1","0"
"CACGTTCGTGCTCTAG-1","1"
"CACGTTTCGTACACAC-1","3"
"CACTAAAGTTGCCTAT-1","5"
"CACTACGGGAGCTGCC-1","0"
"CACTACTCAGTTCTGT-1","2"
"CACTCAAGAGCTATGG-1","4"
"CACTCAGCTCTTGAGG-1","2"
"CACTCCTATGTAAGAT-1","7"
"CACTCCTCTCGGTCGG-1","2"
"CACTCGAGCTGAACAA-1","1"
"CACTCGGTTAGGAGGA-1","3"
"CACTCTTCTGCTAGCC-1","0"
"CACTGACGATTGTGGA-1","4"
"CACTGTCCAAGTGAGA-1","2"
"CACTTAATCAGACGGA-1","5"
"CACTTCGCCACAGGCT-1","2"
"CACTTCGTCTTATCTC-1","6"
"CAGAACTTAGCCCTCT-1","8"
"CAGAATAACACACGGA-1","0"
"CAGACACCGATCGCTG-1","4"
"CAGACCTGTAAGTGTT-1","2"
"CAGACGAACCTGATAC-1","7"
"CAGAGACGGTCACCCA-1","4"
"CAGAGCATGAGCTTGC-1","2"
"CAGAGGCGATGCATGA-1","4"
"CAGAGTGATTTAACGT-1","0"
"CAGATACTAACATAGT-1","1"
"CAGATATGAAGATGAC-1","4"
"CAGATCATTTAAAGTC-1","0"
"CAGATCCTGGTTTGAA-1","7"
"CAGCAGCCCGTTCCTT-1","1"
"CAGCAGTCCAGACTAT-1","2"
"CAGCAGTCTGTGCTGC-1","3"
"CAGCCCTCACAGGCAG-1","0"
"CAGCCGGGCCCTCTAT-1","2"
"CAGCCTCCTGCAGAGG-1","1"
"CAGCCTCTCCTCAAGA-1","0"
"CAGCGATTCCCTTCAA-1","4"
"CAGCTCACTGAGACAT-1","3"
"CAGCTCGACAAGTTAA-1","1"
"CAGCTCGTGCTTGTGT-1","0"
"CAGCTGGCGTAACCGT-1","4"
"CAGCTTAGTAGGTAGC-1","1"
"CAGGAAGACTTTATAT-1","0"
"CAGGATATATCGTTGT-1","4"
"CAGGATCCGCCCGACC-1","6"
"CAGGCAGTCTTACCAG-1","3"
"CAGGCCGTTTGGGTGT-1","4"
"CAGGCGCACGGTGGTC-1","7"
"CAGGCGCCATGCTAGG-1","1"
"CAGTAACTATTTATTG-1","0"
"CAGTAATCCCTCCCAG-1","2"
"CAGTACATTCTCTAAA-1","0"
"CAGTACCAGTTTACGT-1","4"
"CAGTAGCCCACGCGGT-1","2"
"CAGTAGCGAGGTAGTA-1","6"
"CAGTCGAGGATGCAAT-1","2"
"CAGTCTCTCGGCTAAT-1","6"
"CAGTCTGTATACTGGG-1","8"
"CAGTGAATAAATGACT-1","1"
"CAGTGGTTGCACATGA-1","2"
"CAGTGTCCGCAGAATG-1","0"
"CAGTGTCGGCTGGCCC-1","0"
"CAGTGTTAATCTCTCA-1","4"
"CAGTTCAAATTGACAC-1","5"
"CAGTTCCGCGGGTCGA-1","5"
"CATAACGGACAGTCGT-1","0"
"CATAAGAAGCTTGGCT-1","3"
"CATAAGCTCTCCGTCT-1","9"
"CATAATGAGCGGGCGA-1","6"
"CATACAAAGCCGAACC-1","2"
"CATACACGGTTCCCAC-1","4"
"CATACCCGTACCCAGT-1","5"
"CATACGAACTAGCTGG-1","7"
"CATACGGCGTCTGGGC-1","1"
"CATACGGGTGCATGAT-1","6"
"CATACTATGTAATTGT-1","5"
"CATACTTAGGCAATAC-1","0"
"CATAGCCGCCCGGGAT-1","5"
"CATAGCGTTGCCCACC-1","7"
"CATAGTACATTGAGAG-1","1"
"CATAGTAGCATAGTAG-1","0"
"CATAGTCAAATACATA-1","3"
"CATAGTCCACAAGAAC-1","4"
"CATATACTACTGATAA-1","6"
"CATATAGGTACAGTCA-1","4"
"CATATGTCAGGCTACG-1","4"
"CATATTATTTGCCCTA-1","2"
"CATCATCTACCCGGAC-1","2"
"CATCATTACCCTGAGG-1","3"
"CATCCAATATAGTTTG-1","7"
"CATCCGCAGGCCCGAA-1","6"
"CATCCTCTCAAAGATC-1","0"
"CATCGAATGGATCTCT-1","6"
"CATCGCCCGCGGCCAA-1","2"
"CATCGGACGGGTTAAT-1","4"
"CATCTATCCCGTGTCT-1","2"
"CATCTTACACCACCTC-1","3"
"CATGAACCGACATTTG-1","0"
"CATGAACCTCTTATCA-1","0"
"CATGACTTCGCTGAAT-1","2"
"CATGAGATGCACTCTC-1","3"
"CATGATCGCTTTGAGA-1","3"
"CATGATGCACAATTCT-1","1"
"CATGATGGAAGTTAGC-1","6"
"CATGCACGTGTTACTG-1","0"
"CATGCATGGAGACCCT-1","3"
"CATGCCAACTCGCAAA-1","5"
"CATGCGACCAGTTTAA-1","0"
"CATGCGTTAGACAGAA-1","2"
"CATGCTGGCTCCAATT-1","2"
"CATGGAAATGGGACCA-1","6"
"CATGGATTGTCTTCCG-1","2"
"CATGGCAGGAAGATCG-1","1"
"CATGGGTATGCCTTAT-1","8"
"CATGGGTCGGGTGTGG-1","1"
"CATGGTAAGTAGCGTT-1","1"
"CATGGTATTAGTTTGT-1","4"
"CATGGTCTAGATACCG-1","1"
"CATGTAAGAGACATTT-1","0"
"CATGTAGGAGCGCCAA-1","6"
"CATGTCTCATTTATGG-1","3"
"CATTACGTCGGCCCGT-1","1"
"CATTATAACAGGGTCC-1","6"
"CATTATCCCATTAACG-1","4"
"CATTATGCTTGTTGTG-1","1"
"CATTCACTGACAGCTA-1","0"
"CATTCAGGTCAGTGCG-1","6"
"CATTCCCTAAGTACAA-1","6"
"CATTGCAAAGCATAAT-1","0"
"CATTGCGAAATGGGCG-1","3"
"CATTGTGTGCTAGATC-1","6"
"CATTTAGCGGACCATG-1","1"
"CATTTATCGTTCAAGA-1","0"
"CATTTCTAGCAGACTA-1","6"
"CATTTGAGTGGTACGT-1","7"
"CCAAACAGAACCCTCG-1","1"
"CCAAAGCAGTTGGTTG-1","5"
"CCAAATAACAAGATTC-1","0"
"CCAACCTTATGTAACT-1","7"
"CCAACGATGCACTGAT-1","5"
"CCAACGCTTGCCAGGG-1","0"
"CCAAGAAAGTGGGCGA-1","4"
"CCAAGACTTCTGCGAA-1","1"
"CCAAGCGTAACTCGTA-1","5"
"CCAAGGAACAGAGAGG-1","2"
"CCAATAGTGCCGTCGA-1","5"
"CCAATCGGTAGATCGA-1","2"
"CCAATGTCACAGCAAG-1","5"
"CCAATTACGGGTCGAG-1","2"
"CCAATTGAATGTTAAT-1","5"
"CCACAATGTACGTCTT-1","1"
"CCACACTGAGATATTA-1","5"
"CCACAGCTGAAATCAT-1","6"
"CCACAGTACCCATCCT-1","2"
"CCACATACTGCACCCA-1","6"
"CCACCAACTTTACTGT-1","7"
"CCACCCAAGGAAAGTG-1","1"
"CCACGAATTTAACCTC-1","0"
"CCACGAGAAGAGAATC-1","2"
"CCACGGAGCCATAAGA-1","4"
"CCACGGTGCCCGGTAG-1","3"
"CCACTAAACTGAATCG-1","3"
"CCACTGGTGGCTGGTT-1","1"
"CCACTGTTTGGATTAA-1","0"
"CCAGAAAGCAACTCAT-1","7"
"CCAGAGACAAAGCCGG-1","2"
"CCAGATAGTTGAGTGA-1","1"
"CCAGCCTGGACCAATA-1","4"
"CCAGCTACGCCTCATA-1","6"
"CCAGCTCGAACGCATT-1","3"
"CCAGCTGATGGTACTT-1","3"
"CCAGCTTCCGCCCGCA-1","5"
"CCAGGGACGTGGCCTC-1","1"
"CCAGTAGTCTGATCCA-1","1"
"CCAGTCAAATCTCTTA-1","3"
"CCAGTCCATTATTCGA-1","6"
"CCAGTCTAGACGGCGC-1","1"
"CCAGTCTTGTCATAGA-1","3"
"CCATAAACAACCCGAC-1","0"
"CCATACCTTTACTTGT-1","0"
"CCATAGGTTGGCGTGG-1","1"
"CCATAGTCAGTAACCC-1","0"
"CCATATGGAAACTATA-1","0"
"CCATATTGGATCATGA-1","6"
"CCATCCATACCAAGTC-1","2"
"CCATCGCAGTTAAACT-1","4"
"CCATCTCACCAGTGAA-1","0"
"CCATCTTGTTCACAAT-1","6"
"CCATGCCCTAGATTTC-1","2"
"CCATGCCTGTTTAGTA-1","5"
"CCATGCTCTGCAGGAA-1","1"
"CCATGGCCCTTGTACC-1","5"
"CCATGTTCATCTATAT-1","7"
"CCATTAGCGATAATCC-1","5"
"CCATTCCCTGCCCACA-1","5"
"CCATTTCTACCTATTA-1","3"
"CCCAAACATGCTGCTC-1","1"
"CCCAACATACGTCGCG-1","4"
"CCCAACCACACTAACA-1","2"
"CCCAAGAATGCACGGT-1","0"
"CCCAAGACAGAGTATG-1","6"
"CCCAATGAGATTTGCA-1","7"
"CCCAATTTCACAACTT-1","5"
"CCCAGAGGAGGGCGTA-1","2"
"CCCAGGTCTGAAGGCT-1","0"
"CCCAGTAAACTTGGGA-1","4"
"CCCAGTTAAGGCGCCG-1","0"
"CCCATATAGGTCGATT-1","3"
"CCCGAAGTTTCGCGAA-1","9"
"CCCGACCATAGTCCGC-1","1"
"CCCGAGTTTCTCCGTA-1","0"
"CCCGCAGCGCGAACTA-1","1"
"CCCGCAGGGCCCAAAG-1","2"
"CCCGCCATGCTCCCGT-1","2"
"CCCGCGCAATGCACCC-1","8"
"CCCGCTAGAGGGTTAA-1","0"
"CCCGGCACGTGTCAGG-1","3"
"CCCGGGTCGTTCAGGG-1","4"
"CCCGGTGGAAGAACCT-1","5"
"CCCGGTGTATCGGAAT-1","4"
"CCCGTAAGTCTAGGCC-1","5"
"CCCGTAGCTGGGAAGA-1","7"
"CCCGTCAGCGTCTGAC-1","1"
"CCCGTTTCGCAGATGT-1","0"
"CCCTAGTGTCAGGTGT-1","6"
"CCCTATGTAGAGCAGA-1","7"
"CCCTCATTCTGGAATT-1","0"
"CCCTCCTCGCTCGTAT-1","0"
"CCCTCGGGAGCCTTGT-1","6"
"CCCTGAAATGAGTTGA-1","5"
"CCCTGACTAACAAATT-1","3"
"CCCTGATGTAACTCGT-1","5"
"CCCTGCCCAATCCGCT-1","5"
"CCCTGCGCTACGCATA-1","5"
"CCCTGGTATGGGCGGC-1","3"
"CCCTGTTGGCAAAGAC-1","5"
"CCCTTCTCGTACGCGA-1","6"
"CCCTTTAATGGAGTTC-1","0"
"CCCTTTGACAGGTCTT-1","4"
"CCGAAAGTGGTGAGCA-1","6"
"CCGAACACTGGGCCTC-1","9"
"CCGAACCTTCCCGGCC-1","8"
"CCGAAGTATATTGTTC-1","6"
"CCGACAAACACATGAG-1","5"
"CCGACAAAGGGAGTGC-1","5"
"CCGACAATAGGCCGCC-1","3"
"CCGACGGGCATGAGGT-1","7"
"CCGACGTAAACACAAC-1","2"
"CCGACTCGCATAGTCT-1","2"
"CCGAGAAGTCGCATAA-1","6"
"CCGAGCTGTGCTTGTC-1","6"
"CCGAGGGATGTTAGGC-1","2"
"CCGATCTCAACCTTAT-1","0"
"CCGATTCGAGGGACCC-1","3"
"CCGATTGGTCAATGAA-1","6"
"CCGCACAAAGACCAAC-1","6"
"CCGCACGTGACCTCGG-1","3"
"CCGCATGTGGTACGAT-1","3"
"CCGCCACCACAATCCA-1","0"
"CCGCCGGAACTTCTCG-1","4"
"CCGCCGGTCAACACAC-1","2"
"CCGCCGTTGAGGATAA-1","3"
"CCGCCTGCGAATTGGT-1","2"
"CCGCGATTTGGTAGGT-1","4"
"CCGCGGAATGCGTCAC-1","4"
"CCGCGGGTACGAAGAA-1","5"
"CCGCGTAGGTAAGGGC-1","2"
"CCGCTATCAGCACCAG-1","8"
"CCGCTCTTCCGAACTA-1","3"
"CCGCTGGTGCCATTCA-1","3"
"CCGCTTACCTCACTCT-1","4"
"CCGCTTCGCGGTTAAC-1","6"
"CCGCTTGCTGACATGG-1","0"
"CCGGAATGGTTTCAGT-1","1"
"CCGGAGCGTACTTTCT-1","4"
"CCGGCACGACCGTTTC-1","3"
"CCGGCGCATATTGGAT-1","2"
"CCGGCGTGAGACTCTG-1","4"
"CCGGGACCCGCAGAGA-1","0"
"CCGGGCGGTCTCGTCA-1","1"
"CCGGGCTAAGAATTTC-1","4"
"CCGGGCTGCTCCATAC-1","1"
"CCGGGTTCGAGGTTAC-1","5"
"CCGGTAATGGCTAGTC-1","9"
"CCGGTTTGTAATTGTG-1","4"
"CCGTAAGTTGGTCCCA-1","1"
"CCGTACCCAAGCGCCA-1","6"
"CCGTAGGAAATCCCTG-1","3"
"CCGTAGGGTTGTTTAC-1","0"
"CCGTATCTCGTCGTAG-1","7"
"CCGTATTAGCGCAGTT-1","6"
"CCGTCAACCTCTGGCG-1","7"
"CCGTGCCCATGACGGC-1","2"
"CCGTGGAACGATCCAA-1","0"
"CCGTGTTAAATTCCAT-1","4"
"CCGTTACGTTAGAACA-1","2"
"CCGTTCCGAATCTCGG-1","3"
"CCTAAACAGGGTCCGT-1","6"
"CCTAAAGGCTGACGCT-1","2"
"CCTAAATTAACGGTTC-1","8"
"CCTAAATTGTATCCTA-1","0"
"CCTAACCCAAACAAGT-1","3"
"CCTAACTAAGGCTCTA-1","2"
"CCTAAGTGTCTAACCG-1","6"
"CCTACAAGTCCGGAAT-1","9"
"CCTACATTCACAGACG-1","7"
"CCTACGCGACCTTACA-1","2"
"CCTACGGCTCAGTCGA-1","9"
"CCTACTGCTTACACTT-1","5"
"CCTAGGCGTAGCGATC-1","1"
"CCTAGGTAAAGGTAGC-1","4"
"CCTAGTTAGTCGCATG-1","1"
"CCTATAATGAGTGCCC-1","8"
"CCTATACCGTCCTGTC-1","7"
"CCTATATCGTGTCACG-1","7"
"CCTATATTTGTCCTGG-1","4"
"CCTATCTATATCGGAA-1","2"
"CCTATGAAGTGGTGCC-1","0"
"CCTATGGCTCCTAGTG-1","4"
"CCTATGGGTTACCGTC-1","1"
"CCTATGGTCAAAGCTG-1","3"
"CCTATGTCCACTCCAC-1","0"
"CCTCACCAATCTTGAC-1","2"
"CCTCACCTGAGGGAGC-1","2"
"CCTCACCTTAGCATCG-1","2"
"CCTCATGCAGCTACGA-1","6"
"CCTCCCGACAATCCCT-1","2"
"CCTCCGACAATTCAAG-1","5"
"CCTCCTAGCTAGAGTC-1","7"
"CCTCCTGTTGTGTCGT-1","2"
"CCTCGAAGTGGACGGG-1","1"
"CCTCGACCCACTGCCT-1","3"
"CCTCGCCAGCAAATTA-1","1"
"CCTCGCGCGATATAGG-1","2"
"CCTCGCGCTGTGCGAT-1","4"
"CCTCGGACCGGGATAG-1","1"
"CCTCGGATGCTACCTG-1","0"
"CCTCGGTTTCCTTGCC-1","4"
"CCTCTAATCTGCCAAG-1","2"
"CCTCTACAAGGATTGG-1","7"
"CCTCTATCGATTAGCA-1","7"
"CCTCTCTCCCATCTAG-1","1"
"CCTCTGGCCTAGACGG-1","2"
"CCTCTGTACTATTCTA-1","6"
"CCTGAACGATATATTC-1","1"
"CCTGAATATTTACATA-1","1"
"CCTGACCACCGATGGT-1","3"
"CCTGACGCAACCTTTA-1","0"
"CCTGCGTTCTACGCTT-1","5"
"CCTGCTATTTGAGAAG-1","0"
"CCTGGAAACGTTCTGC-1","0"
"CCTGGCTAGACCCGCC-1","9"
"CCTGGTCGAATGTGGG-1","3"
"CCTGTAAGACATGATA-1","5"
"CCTGTACTCACGCCCA-1","5"
"CCTGTCACCCGGGCTC-1","1"
"CCTGTCCCTCACGTTA-1","8"
"CCTGTCGCCCGTAAAT-1","5"
"CCTGTGCATAGGAGAC-1","6"
"CCTGTGCGGATTGTAA-1","6"
"CCTGTTTGAAGACACG-1","0"
"CCTTCAGTTAAAGTGA-1","4"
"CCTTCGTATAGAATCC-1","4"
"CCTTCTCAGCGTTCCT-1","9"
"CCTTCTTGATCCAGTG-1","1"
"CCTTGACCACTTTATT-1","0"
"CCTTTAAGGGAGCACT-1","4"
"CCTTTCAATGAAGAAA-1","0"
"CCTTTGAATTATGGCT-1","7"
"CGAAACATAGATGGCA-1","0"
"CGAAACGCAATTCATG-1","5"
"CGAACAGTATGGGCGT-1","0"
"CGAACCCGCATGCGTC-1","4"
"CGAACGCCCAGTGCCG-1","1"
"CGAACGGCCGGACAAC-1","4"
"CGAAGACTGCCCGGGA-1","6"
"CGAAGCTATAAATTCA-1","2"
"CGAAGGGTTTCAGATT-1","7"
"CGAAGTTGCTCTGTGT-1","5"
"CGAATCTGCTCGACGC-1","4"
"CGAATGAAGTCATTGC-1","7"
"CGAATGACGCATAATG-1","6"
"CGAATTACATGGTGTT-1","0"
"CGACAATTTGATCTAA-1","0"
"CGACACGCTCCGACAG-1","1"
"CGACAGTTCGCGTTAT-1","5"
"CGACATGCGATCTTCT-1","2"
"CGACCCTTAACGCCGG-1","4"
"CGACGCATCCGTACCT-1","4"
"CGACTCAGGATGTTAT-1","1"
"CGACTTTGTATAGCCT-1","0"
"CGAGACCCTAGAGTGT-1","8"
"CGAGAGATGTGAACCT-1","1"
"CGAGAGCGCGTAGATA-1","9"
"CGAGAGCTTTCACTAC-1","3"
"CGAGAGGGTAGCCGCG-1","0"
"CGAGATGTTGCCTATA-1","6"
"CGAGATTTCGCTCGGG-1","0"
"CGAGCACTTCAAGTTT-1","6"
"CGAGCGTTGATCAGCC-1","2"
"CGAGCTGGGCTTTAGG-1","1"
"CGAGGCCAGGCATTGG-1","6"
"CGAGGCTAAATATGGC-1","1"
"CGAGGGACTGCGGTCG-1","1"
"CGAGGGTATCCAGGTG-1","4"
"CGAGTACTAAAGAGGA-1","4"
"CGAGTGAAGGTACCAG-1","4"
"CGAGTGCTATAGTTCG-1","6"
"CGAGTTCTGTCCCACC-1","1"
"CGAGTTTATCGGACTG-1","1"
"CGATAATACTCAGGTT-1","0"
"CGATACCTCGCGGACA-1","4"
"CGATAGCGATACAGTG-1","7"
"CGATAGTCGTACTGCA-1","3"
"CGATATTAGCCGCAGG-1","6"
"CGATCCGACCCAGTGC-1","5"
"CGATCCTCGCAACATA-1","7"
"CGATCTGTTGGAGGAC-1","4"
"CGATGGACCCTACGCC-1","2"
"CGATGTTGTTATCTAC-1","4"
"CGATTAAATATCTCCT-1","3"
"CGATTCGCCTGGCTGC-1","8"
"CGCAAACACGAGTTAC-1","5"
"CGCAATTACTTTCGGT-1","0"
"CGCAATTAGGGTAATA-1","5"
"CGCAATTCTACAATAA-1","5"
"CGCACATGTCCACTAC-1","8"
"CGCACGTCTGTTTATG-1","4"
"CGCACGTGCGCTATCA-1","0"
"CGCAGAAACATTTGCG-1","0"
"CGCAGATCTTCACCCG-1","0"
"CGCAGGCGATCCAAAC-1","0"
"CGCATCATGGCTTCAG-1","2"
"CGCATGGTGCGATGCT-1","4"
"CGCATTAGCTAATAGG-1","5"
"CGCCAAGAAGCCGAGT-1","4"
"CGCCACAGGTCGCGAT-1","4"
"CGCCACCCGCATTAAC-1","6"
"CGCCATCCGATTATGA-1","1"
"CGCCCAGCACGCCTAG-1","4"
"CGCCCAGCGTTTCACG-1","2"
"CGCCCGCTTCCGTACA-1","2"
"CGCCCTAATTGTTCAA-1","7"
"CGCCCTTACATCCACC-1","6"
"CGCCCTTGAAGGCTGA-1","2"
"CGCCGCCCATGCCTGT-1","1"
"CGCCGCGTTCTGAACG-1","4"
"CGCCGTTCAGCATAGT-1","2"
"CGCCTCCCTCCTCTAT-1","1"
"CGCCTGGCCTACGTAA-1","5"
"CGCCTTTAGCATGCTC-1","0"
"CGCGAAGTGGCATACT-1","0"
"CGCGACCGCGACAGAT-1","3"
"CGCGAGAGGGACTTGT-1","0"
"CGCGAGTCTGCCGGGT-1","7"
"CGCGCAAATGTCCAGA-1","7"
"CGCGCAAGGAACTACA-1","6"
"CGCGCATGTTTGATTG-1","4"
"CGCGCCCGACTTAATA-1","1"
"CGCGGCAGTATTACGG-1","6"
"CGCGGCTCAACTTGAA-1","1"
"CGCGGGAATTAGGCAG-1","1"
"CGCGGTCACAAACCAA-1","0"
"CGCGTCATATTAAACC-1","0"
"CGCGTGCTATCAACGA-1","6"
"CGCGTTCATGAAATAC-1","5"
"CGCTACGGGACATTTA-1","5"
"CGCTAGAGACCGCTGC-1","3"
"CGCTATACCGCCCACT-1","5"
"CGCTATTCAATGTATG-1","2"
"CGCTATTCTTAGGCTC-1","1"
"CGCTCGACATAATGAT-1","1"
"CGCTCTCCGTAGATTA-1","5"
"CGCTGAGGACGTCCAA-1","6"
"CGCTGGTGACTACCCT-1","0"
"CGCTGTGACGCCGCAC-1","1"
"CGCTGTGTGGATGTTG-1","7"
"CGCTTAGTATTGATAC-1","4"
"CGCTTATTCCCGGTCG-1","4"
"CGCTTCCACTGAAATC-1","2"
"CGCTTCGGTCTAAGAC-1","3"
"CGCTTTCATACCGGTG-1","0"
"CGCTTTCTTGCATTCG-1","1"
"CGGAAAGAATCAAACG-1","4"
"CGGAAATTTCACATCC-1","2"
"CGGAACGTAAACATAG-1","7"
"CGGAGCAATTTAATCG-1","8"
"CGGAGCATGGCGATCC-1","8"
"CGGAGCTTATAACACC-1","0"
"CGGAGTTTGAGAGACA-1","5"
"CGGATAAGCGGACATG-1","6"
"CGGATCCTCAAGGACT-1","3"
"CGGCAAACATCGTGCG-1","3"
"CGGCAATAAGATCGCC-1","0"
"CGGCACCGTTAGCGCC-1","0"
"CGGCACTCAAGAAAGT-1","6"
"CGGCAGGGTCGGGTTG-1","0"
"CGGCCACGCACAAAGT-1","5"
"CGGCCAGAGCGACCAT-1","4"
"CGGCCCAACCTGTAGT-1","0"
"CGGCCCAGGTATATCC-1","2"
"CGGCGCCATCAATCCC-1","0"
"CGGCTCTAAAGCTGCA-1","2"
"CGGCTCTTCGTCGAAC-1","0"
"CGGCTGCAAGATTAAG-1","0"
"CGGCTTTGTATGATAA-1","0"
"CGGGAATATAGTATAC-1","0"
"CGGGAATTTATGTAAA-1","4"
"CGGGAGCTTCAGTGTA-1","3"
"CGGGAGTATACCGCCG-1","6"
"CGGGATCAATGTAAGA-1","1"
"CGGGCAGCTAAACCGC-1","5"
"CGGGCCATAGCCGCAC-1","6"
"CGGGCCTTCTTTGTAA-1","5"
"CGGGTGTACCCATTTA-1","1"
"CGGGTTCGGCACGTAT-1","6"
"CGGGTTGTAGCTTTGG-1","6"
"CGGGTTTGTTAGGGCT-1","0"
"CGGTACTAGAATCAAA-1","1"
"CGGTAGAGGTGCAGGT-1","2"
"CGGTATAGGTATTAGC-1","9"
"CGGTCAAGTGGGAACC-1","1"
"CGGTCCGTCGCAAGCC-1","4"
"CGGTCTATCAACCCGT-1","0"
"CGGTGAAGACTAAAGT-1","5"
"CGGTGCAGATAGAACG-1","4"
"CGGTGCGCGTTGGTCC-1","7"
"CGGTGGGCTCCAGCCT-1","2"
"CGGTGTACTTGATCCC-1","2"
"CGGTTATCCAACAGTG-1","2"
"CGGTTCAAGTAGGTGT-1","0"
"CGGTTCCGGCTTCTTG-1","6"
"CGGTTGACCTGGCATA-1","5"
"CGGTTGAGTATCCTTC-1","7"
"CGGTTGGGTTCAAGTT-1","0"
"CGGTTTATGAAGGAAC-1","9"
"CGTAAACGCTTGAGTG-1","6"
"CGTAACTTCGACACTT-1","4"
"CGTACCTGATAGGCCT-1","1"
"CGTAGAGAGTAATTAT-1","0"
"CGTAGCGAATTGTCAG-1","2"
"CGTAGCGCCGACGTTG-1","0"
"CGTATTAAGAGATCTA-1","1"
"CGTCAAGGCTATAAAT-1","9"
"CGTCAATCTTTAACAT-1","6"
"CGTCACGTCCATTGGT-1","4"
"CGTCAGTGCGCACAAG-1","0"
"CGTCAGTTTATCGTCT-1","6"
"CGTCATACCATATCCA-1","6"
"CGTCGCATGTGAGCCA-1","3"
"CGTCGCGGCGGGATTT-1","5"
"CGTCGCTTGGTTATAC-1","7"
"CGTCGGATAGTGTTGA-1","0"
"CGTCGGGTCTAAGCGC-1","7"
"CGTCGTCCTTCGCGAA-1","3"
"CGTCTGGAAGGGCCCG-1","1"
"CGTGAAGTTAATTCAC-1","4"
"CGTGACATTGGGTCGT-1","1"
"CGTGACCAGTCCTCTG-1","4"
"CGTGCAGACTGGGACA-1","1"
"CGTGCATTGTCGACGC-1","5"
"CGTGCCCGACATTTGT-1","6"
"CGTGCCCTCCCGAAGA-1","1"
"CGTGCTTCTACCTAAA-1","7"
"CGTGGCCGAATATCTA-1","0"
"CGTGGTACCCAAAGGC-1","7"
"CGTGTATGGGAGCTGA-1","3"
"CGTGTCCCATTCGCGA-1","5"
"CGTGTCTCGTTACGAC-1","7"
"CGTGTGTTAAACCCTG-1","0"
"CGTTAAACTAGTTAGG-1","0"
"CGTTAATGTCCCGACG-1","0"
"CGTTAGCTCACAACTG-1","8"
"CGTTCAGACCCGCGAA-1","4"
"CGTTCATGGTGCGCGT-1","4"
"CGTTCTTCGCACACCT-1","0"
"CGTTGAATACCGCGCT-1","3"
"CGTTGAGCGACCGTCG-1","1"
"CGTTGAGTAATTGCGT-1","0"
"CGTTGCCCGCGTGGGA-1","4"
"CGTTGTAAACGTCAGG-1","0"
"CGTTGTAAGATTGATT-1","0"
"CGTTGTCGGCAATTGA-1","3"
"CGTTGTTTCAATTCCC-1","5"
"CGTTTAAGCGGAGCAC-1","2"
"CGTTTCACTTCGGGCG-1","0"
"CGTTTCGCTCATTACA-1","5"
"CGTTTGTGTAGAGGGT-1","7"
"CTAAACGGGTGTAATC-1","6"
"CTAAAGAATGCCTACT-1","1"
"CTAAAGGGAAATAGGA-1","3"
"CTAAAGTCCGAAGCTA-1","6"
"CTAAATCCGGTGTACA-1","7"
"CTAAATCCTATTCCGG-1","1"
"CTAACCGCGCGCCCGT-1","5"
"CTAACGAAACTTGCTG-1","2"
"CTAACTGATAATCGCC-1","0"
"CTAACTGGTCCGGTTC-1","7"
"CTAAGGGAATGATTGG-1","1"
"CTAAGTACAGGGCTAC-1","9"
"CTAATTCGCACGCGCT-1","3"
"CTAATTCTCAGATATT-1","0"
"CTAATTTCAACAACAC-1","1"
"CTACAAGAAATAACCC-1","7"
"CTACACTAGCTTGTTC-1","6"
"CTACACTCGCAGATGG-1","2"
"CTACATATCGCGGGAC-1","7"
"CTACCCTAAGGTCATA-1","1"
"CTACGAACTAGGTCGA-1","2"
"CTACGACTAGCTATAA-1","5"
"CTACGATCCTATCCTA-1","7"
"CTACGCACGGAGTACC-1","5"
"CTACGCCATTTCCGAT-1","2"
"CTACGTGTTGCCACCA-1","6"
"CTACTATCATAGGTTT-1","4"
"CTACTATCTTTCAGAG-1","2"
"CTACTCAAGGTATAGT-1","4"
"CTACTCTAGGCCCGGC-1","5"
"CTACTGCCACCTGACC-1","1"
"CTAGACATATATGTAG-1","3"
"CTAGACTGCATTTCGT-1","0"
"CTAGATAAACTCCTCG-1","8"
"CTAGATGTGAGTGTAA-1","0"
"CTAGATTTACGACGGC-1","1"
"CTAGCAACTAATTTAC-1","6"
"CTAGCATAGTATAATG-1","5"
"CTAGCCGATGTTATGA-1","2"
"CTAGGCGCCCTATCAG-1","0"
"CTAGGCGGCAGAGAAT-1","6"
"CTAGGGATAGGGACAA-1","4"
"CTAGGTCTGAAGGAAT-1","3"
"CTAGGTTCGGACGTGA-1","3"
"CTAGTAGAAAGGGATT-1","3"
"CTAGTATTCGGAATTA-1","2"
"CTAGTCACGTCTTAAG-1","8"
"CTAGTGAAGGACAGGA-1","5"
"CTAGTTACAACCCGGT-1","3"
"CTAGTTGGGCCCGGTA-1","2"
"CTATAAGAGCCAATCG-1","0"
"CTATAGGCGTTGATGT-1","7"
"CTATCGACGAAATACA-1","2"
"CTATCGGGTCTCAACA-1","5"
"CTATGCCCGAATGCAA-1","8"
"CTATGGGAAGCGGAAT-1","0"
"CTATGTCACTAGCCCA-1","3"
"CTATGTCTATTGAAAC-1","2"
"CTATGTGAGTCACGGC-1","9"
"CTATTCATGTGTCCCA-1","5"
"CTATTGTGTTTGGTCA-1","0"
"CTATTTGCTTGGAGGA-1","4"
"CTATTTGGTTACGGAT-1","1"
"CTCAAACCACTGCCCG-1","7"
"CTCAACTAACCCGGAT-1","3"
"CTCAAGACATTAGCGC-1","0"
"CTCACATTTACTAAAT-1","3"
"CTCACTGTGATACTTA-1","3"
"CTCACTTGGCTGGTAA-1","5"
"CTCAGGACTCACCTGT-1","2"
"CTCAGTCACGACAAAT-1","0"
"CTCATAAATGTGTATA-1","3"
"CTCATGGCTCACAATC-1","2"
"CTCATGGTAATTTGCG-1","4"
"CTCATTGCTCTAACAA-1","3"
"CTCATTTGATGGGCGG-1","1"
"CTCCCAATGAGTCGCG-1","3"
"CTCCCTCCTTTCGATC-1","4"
"CTCCGCCCACATGAGG-1","4"
"CTCCGGCCTAATATGC-1","1"
"CTCCGGCTTGTAGACA-1","6"
"CTCCTAAGTTATGTCT-1","0"
"CTCCTCCAGCTCACAC-1","4"
"CTCCTGTTCAAGGCAG-1","6"
"CTCCTTTACGCAAGTC-1","0"
"CTCGAATGGAACGTAT-1","0"
"CTCGAGACATACGATA-1","4"
"CTCGAGGTCGAACAGT-1","1"
"CTCGATATTTGCGAGC-1","0"
"CTCGCACCTATATAGT-1","2"
"CTCGCATTGCATAGCC-1","7"
"CTCGCCGAATGTAGGG-1","3"
"CTCGGGCATCGTCGGG-1","6"
"CTCGGGTTCTCTGGCC-1","7"
"CTCGGTACCACTGCTC-1","1"
"CTCGGTCCGTAGCCTG-1","2"
"CTCGGTTGTCGGCCCT-1","7"
"CTCGTCGAGGGCTCAT-1","7"
"CTCGTTACGGCTACCA-1","4"
"CTCGTTTCTAATGTTT-1","0"
"CTCTAATGCATTGATC-1","0"
"CTCTACACTGGCGATT-1","9"
"CTCTAGCCCTCGGAAA-1","3"
"CTCTATTTGGCTGCAG-1","1"
"CTCTCACAATCGATGA-1","1"
"CTCTCGATGTGCGCCT-1","0"
"CTCTCTAACTGCCTAG-1","7"
"CTCTGCGAAGCAAGCA-1","6"
"CTCTGGACGCCTGGTG-1","5"
"CTCTGTGCCTGCTATG-1","6"
"CTCTGTTTGAGGATTC-1","1"
"CTCTTCTATTGACTGG-1","0"
"CTCTTCTGGAAGTTAG-1","7"
"CTCTTGTCCCGCTTGG-1","8"
"CTGAAAGAGATCCGAC-1","1"
"CTGAATCCGAGACCTC-1","4"
"CTGAATTTATTGCCAG-1","2"
"CTGACATAGAAATAGA-1","3"
"CTGACTGCGCAGCTCG-1","2"
"CTGAGAAAGTTCGGCG-1","3"
"CTGAGCAAGTAACAAG-1","2"
"CTGATAGTGTATCTCA-1","5"
"CTGCAAATGGGCTCCA-1","6"
"CTGCAAGCACGTTCCG-1","3"
"CTGCACAACTACATAT-1","3"
"CTGCACCTGGAACCGC-1","0"
"CTGCACTCCAGTACAG-1","3"
"CTGCAGAGAATCAGAG-1","0"
"CTGCCAAGGTTGGAAG-1","1"
"CTGCCATGCATCACAT-1","5"
"CTGCCTAGCCACCAAG-1","0"
"CTGCCTTTAATACCTT-1","7"
"CTGCCTTTCTAGTAAA-1","0"
"CTGCGGGTGAAATGTT-1","5"
"CTGCGGTAGTCACGTG-1","2"
"CTGCGTTACGATATAA-1","2"
"CTGCTGAGGCCACGAA-1","7"
"CTGCTGTCTAACGAGC-1","3"
"CTGCTTGGCGATAGCT-1","3"
"CTGCTTTATGTCCGCG-1","6"
"CTGGAAATGGATGCTT-1","1"
"CTGGAAGACACGGTGG-1","3"
"CTGGACGCAGTCCGGC-1","4"
"CTGGATTTACACTTGA-1","4"
"CTGGCATCCGAATGAG-1","4"
"CTGGCGACATAAGTCC-1","2"
"CTGGCGATTTACATGT-1","3"
"CTGGCGCACAGGTCTG-1","1"
"CTGGCGGGAATAAGTA-1","2"
"CTGGCTCCTGCGGGAT-1","6"
"CTGGCTGATTCATCCT-1","0"
"CTGGCTGCTAACGTAA-1","6"
"CTGGCTGGTTGTCAGT-1","4"
"CTGGGATAAATAATGG-1","1"
"CTGGGATACGCTACCC-1","9"
"CTGGGATCGCCCAGAT-1","6"
"CTGGGCACTAGTCGGA-1","6"
"CTGGGCCTGCTATATC-1","5"
"CTGGGCGGCCAAATGT-1","0"
"CTGGGTAGGCAGTTAA-1","1"
"CTGGGTTGAGTTAAAG-1","4"
"CTGGTAAAGTGTGGGC-1","3"
"CTGGTAACACATAGAA-1","1"
"CTGGTAACGAGCTCTT-1","2"
"CTGGTCATTCCAATCC-1","2"
"CTGGTCCTAACTTGGC-1","2"
"CTGGTGAATGGGCCTA-1","7"
"CTGGTTCAACGCATCA-1","6"
"CTGGTTTCGAGCAAGA-1","3"
"CTGTACTTCTTAGCAT-1","4"
"CTGTAGCCATCTCACT-1","7"
"CTGTAGTGAGGATCGA-1","4"
"CTGTATGGTGTAGAAA-1","0"
"CTGTCAAATGGCTCGG-1","2"
"CTGTCACGCCAGGCGC-1","2"
"CTGTGCAGGGTAGGTC-1","1"
"CTGTGGTCGGGAGATA-1","0"
"CTGTTACCCAATCTAG-1","4"
"CTGTTCACTGCCTGTG-1","1"
"CTGTTCATCTCACGGG-1","1"
"CTGTTGTTCAGTCGTA-1","7"
"CTTAACTTCGAAGTAC-1","1"
"CTTACACGGTATTCCA-1","5"
"CTTACACTGGGAAATA-1","0"
"CTTAGCCTTCCACATG-1","2"
"CTTAGGTATAGACCAG-1","7"
"CTTAGTAGGCCTACAG-1","0"
"CTTAGTGTAGTAGCAT-1","3"
"CTTAGTTGAGGAATCG-1","7"
"CTTATGCGCTCAGGGC-1","9"
"CTTATGTTGACTACCA-1","0"
"CTTCAACTCCACTTGG-1","3"
"CTTCAGTGGTCGCCTA-1","4"
"CTTCATAGCTCAAGAA-1","0"
"CTTCATTGTCAGTGGA-1","5"
"CTTCCGCTCCGTGAAG-1","4"
"CTTCCTGCATATTTAC-1","6"
"CTTCGGCCAATTGTTT-1","0"
"CTTCGTAGATAGGTGA-1","5"
"CTTCGTGCCCGCATCG-1","6"
"CTTCTATGTTGAAGTA-1","4"
"CTTCTATTAATGCTAG-1","7"
"CTTCTGGGCGTACCTA-1","7"
"CTTCTTACGTCGTATA-1","2"
"CTTGACCCGAAAGATA-1","2"
"CTTGAGGTTATCCCGA-1","6"
"CTTGAGTTAGGGTAAT-1","1"
"CTTGCAACCGCCTCCT-1","5"
"CTTGCCCAGGCTCTAC-1","8"
"CTTGGCCAAGCTGGGA-1","3"
"CTTGTACTTGTTGACT-1","1"
"CTTGTCAACATTCGAG-1","3"
"CTTGTCGTACGTGTCA-1","6"
"CTTGTGAGGACAGCGG-1","6"
"CTTGTGAGTCTTTGAC-1","6"
"CTTGTGCTCACCGATT-1","2"
"CTTGTTGCTGAGTCAA-1","1"
"CTTGTTTATGTAGCCA-1","6"
"CTTTAACTTTCAAAGG-1","1"
"CTTTAATATTGGTCGA-1","8"
"CTTTACCGAATAGTAG-1","1"
"CTTTAGGAACACTGTT-1","1"
"CTTTAGTGCTATTATT-1","8"
"CTTTCTGTGCGGGCTT-1","3"
"CTTTGAAACATATTCC-1","6"
"CTTTGCATCGCTCTTG-1","3"
"CTTTGGCGCTTTATAC-1","5"
"CTTTGGCTTTAGTAAA-1","5"
"CTTTGGGATTGTTGCA-1","4"
"CTTTGTCGAATGCTCC-1","4"
"GAAACAGATGACCACC-1","2"
"GAAACAGCCATGCAGT-1","1"
"GAAACATAGGAAACAG-1","7"
"GAAACCATGGTGCGCT-1","0"
"GAAACCGAATTACCTT-1","4"
"GAAACCTATACAAATG-1","4"
"GAAACTCGTGCGATGC-1","5"
"GAAACTCTAATGAAGG-1","2"
"GAAAGAACAGCGTTAT-1","3"
"GAAAGCAGTGCACTTT-1","4"
"GAAAGCCCTTTGGACC-1","5"
"GAAAGTGACTAACTGC-1","5"
"GAAATACCTGCTGGCT-1","2"
"GAAATACTAAACGTTT-1","2"
"GAAATATCACCATCAG-1","3"
"GAAATATGCTTGAATG-1","0"
"GAAATCGCGCGCAACT-1","1"
"GAAATGGCGGTGTTAG-1","1"
"GAAATGGGATGTAAAC-1","6"
"GAAATTAGCACGGATA-1","2"
"GAAATTCACATCGCTG-1","2"
"GAAATTGTCTCTATAA-1","4"
"GAACAACTGGGATGAA-1","3"
"GAACACACATCAACCA-1","1"
"GAACAGATTACTAAAT-1","3"
"GAACCATCTGGGAGAC-1","6"
"GAACCCTCTGTGTTCT-1","3"
"GAACCTCGACCTACAC-1","3"
"GAACCTTTAACGATCC-1","3"
"GAACGACCGAATGATA-1","1"
"GAACGCGGGTCACACG-1","9"
"GAACGTCTCATGGTCG-1","1"
"GAACGTTAGGAAGACG-1","5"
"GAACTGTGGAGAGACA-1","4"
"GAACTTAGCGCCCGGT-1","6"
"GAAGAAACGATATTGT-1","7"
"GAAGAACGGTGCAGGT-1","2"
"GAAGACTTCAATGCCG-1","0"
"GAAGCAAGGCAATGTT-1","6"
"GAAGCCACTGATTATG-1","3"
"GAAGCCTGCACATTCC-1","3"
"GAAGCGTGAGGAATTT-1","5"
"GAAGCTCGGACCCGTC-1","7"
"GAAGCTTGCTGACCGC-1","5"
"GAAGGACTAAATTGAA-1","6"
"GAAGGAGTCGAGTGCG-1","3"
"GAAGGGCATAACCATG-1","6"
"GAAGTCAGTTGCACTA-1","3"
"GAAGTCTCCCTAGCGA-1","2"
"GAAGTGATTTATCGTG-1","4"
"GAAGTGCTGGATAGCT-1","0"
"GAAGTTTCCACTCAAT-1","5"
"GAATAGACGCGACCCA-1","2"
"GAATAGCATTTAGGGT-1","0"
"GAATAGCCCTGCGGTC-1","2"
"GAATAGTGCTCGATTA-1","7"
"GAATATTCGGAGTCCC-1","2"
"GAATCGACATGGTCAC-1","1"
"GAATCGCCGGACACGG-1","0"
"GAATCTATACTCGGAC-1","0"
"GAATCTGAACATTCTC-1","8"
"GAATGCCGAAATGACC-1","2"
"GAATGCGAATCGGTTC-1","3"
"GAATGTATGGCAGGTC-1","2"
"GAATGTGGTCCGGATT-1","1"
"GAATGTTGGGTAATCT-1","2"
"GAATTATAGTGAAAGG-1","1"
"GAATTCACCCGGGTGT-1","7"
"GAATTTCTCGCTGCAG-1","3"
"GACAAACATATGCAGG-1","2"
"GACAACGACCATTGAA-1","1"
"GACAACGCAGCTTACG-1","1"
"GACAAGAGATGAGATT-1","3"
"GACACAAGGGAAGAAA-1","1"
"GACACGAGTTAGAGGA-1","2"
"GACACTGAGTTCAGTG-1","4"
"GACACTGGAACCCGAT-1","0"
"GACAGATTTCTGGCTC-1","9"
"GACAGCCAGACCTGAC-1","1"
"GACAGGCACACACTAT-1","5"
"GACATCCGTCGAACTG-1","3"
"GACATCGATTTATAAC-1","7"
"GACCAAACGTTGACTG-1","0"
"GACCAGAGCCCTGTAG-1","5"
"GACCAGGTCATTCATA-1","0"
"GACCCAATTATGATAC-1","7"
"GACCCGTCGCCGGCTA-1","2"
"GACCGACGTGAAAGCA-1","0"
"GACCGACTGAAGCGTC-1","1"
"GACCGATTAAATATGT-1","7"
"GACCGCGTCTGACGTG-1","0"
"GACCGTCAGGTCGTGA-1","2"
"GACCGTGCTGACGGTG-1","4"
"GACCTTCCACGTCTAC-1","3"
"GACGACGATCCGCGTT-1","3"
"GACGAGGCTAATAAAC-1","0"
"GACGCATACCCGTCGG-1","7"
"GACGCCGTAAAGGCTA-1","4"
"GACGCCTGTTGCAGGG-1","0"
"GACGCTTGCTTCTAAA-1","5"
"GACGGACCGCGTTCCT-1","0"
"GACGGGATGTCTTATG-1","6"
"GACGGGTTGGCCCGTA-1","4"
"GACGGTCAATAGAAGC-1","2"
"GACGTGAGACTCCATG-1","6"
"GACGTGTAGGGATTAT-1","1"
"GACTAACACAGCACCT-1","2"
"GACTAAGATCATGCAC-1","1"
"GACTAAGTAGGCTCAC-1","1"
"GACTACAAAGCGGTGG-1","7"
"GACTACAATTGCTCGT-1","0"
"GACTAGGCCGTTAGGT-1","3"
"GACTCACCCACGTGAG-1","0"
"GACTCCCAGAATAAGG-1","0"
"GACTCCTTCCAATTGA-1","7"
"GACTCGCGGGAATGAC-1","2"
"GACTCGGTCGGCGGAT-1","6"
"GACTGATTGGTCACAA-1","2"
"GACTGCAAATCGAGCT-1","3"
"GACTGCACCAGCCCAG-1","2"
"GACTGCGGCACGTGTA-1","3"
"GACTGCTGGTGAGAAA-1","7"
"GACTGGGCGCCGCAAC-1","0"
"GAGACTGATGGGTAGA-1","1"
"GAGACTTCGCGACCGA-1","4"
"GAGAGGGCGCGAGGTT-1","5"
"GAGAGGTGCATTCTGG-1","4"
"GAGAGTCTCGGGAGAG-1","4"
"GAGATCTGCTTGGCAT-1","5"
"GAGATCTGTCACTCCG-1","1"
"GAGATCTTCCATGACA-1","1"
"GAGATGGGAGTCGACA-1","1"
"GAGCACCTGTGTCCAG-1","3"
"GAGCATCAACAACTTG-1","7"
"GAGCATCATCCCTGGG-1","0"
"GAGCCACGGTAGTAGG-1","0"
"GAGCCAGCTACCTGTG-1","1"
"GAGCCGAGCGTTTATT-1","0"
"GAGCGAGGGAGTACCG-1","2"
"GAGCGCAAATACTCCG-1","0"
"GAGCGCGCACGAGTAG-1","2"
"GAGCGCTATGTCAGGC-1","6"
"GAGCGCTGTTAGGTAA-1","7"
"GAGCGGAATGCGGTGT-1","4"
"GAGCTAAGGGCATATC-1","1"
"GAGCTCTCGGACCTAA-1","0"
"GAGCTGTCGTCTCGGA-1","0"
"GAGGAATGGAGAGGTT-1","5"
"GAGGAGATCCTCATGC-1","6"
"GAGGAGTAATTCCTAC-1","6"
"GAGGATAAACAGTGCT-1","9"
"GAGGCCCGACTCCGCA-1","7"
"GAGGCCTGTTGATACA-1","0"
"GAGGCTATCAAAGTCG-1","5"
"GAGGGAGTCAGATCGC-1","4"
"GAGGGCATCGCGTATC-1","1"
"GAGGGCGCAGCTCTGC-1","1"
"GAGGGTAGTAACAAAG-1","7"
"GAGGTACATCCATCTT-1","2"
"GAGGTACGCGTGTCCC-1","3"
"GAGGTCCCAAAGATCT-1","2"
"GAGGTCTTAGTGGGTC-1","0"
"GAGTAAACCGGAAAGT-1","3"
"GAGTAAGGCCACGGGA-1","4"
"GAGTACGGGTATACAA-1","2"
"GAGTAGATACTAGTTG-1","3"
"GAGTATGCCCGCCTTG-1","7"
"GAGTATGCGCGTGCAT-1","3"
"GAGTCAGACCAGAATC-1","4"
"GAGTCCGCTTACCGGA-1","8"
"GAGTGTCAACCAGAAA-1","3"
"GAGTGTGCGGTACCCA-1","3"
"GAGTTGATGGCAATTT-1","4"
"GAGTTGTCACCAGTCT-1","7"
"GATAAATCGGTGGATG-1","0"
"GATAACTCGCACTGTG-1","1"
"GATAAGGCAGATGCAA-1","6"
"GATACGATGGGAGTCA-1","4"
"GATAGGTAACGTTGAC-1","4"
"GATAGTGCGAGTAAGT-1","4"
"GATATCTCATGCAATA-1","2"
"GATATGAGACACTAAC-1","1"
"GATATGCGGTAGCCAA-1","1"
"GATATGGATTACGCGG-1","0"
"GATATTGAGATTGGCG-1","6"
"GATATTTCCTACATGG-1","2"
"GATCAACATAAAGGGA-1","7"
"GATCATTCCAAACATT-1","5"
"GATCCCTTTATACTGC-1","1"
"GATCCGGGAATTAACA-1","1"
"GATCCTAAATCGGGAC-1","2"
"GATCCTCGACACTGGC-1","4"
"GATCCTCTTGCGCTTA-1","2"
"GATCGACACTATCTGA-1","5"
"GATCGCGGGCTCTCCA-1","5"
"GATCGCTACCCGATTT-1","0"
"GATCGCTATATCTCAG-1","4"
"GATCGGATAGAACCAT-1","1"
"GATCGGCGATAAGTCG-1","2"
"GATCGGTGGCCATAAC-1","1"
"GATCGTGACTGATATC-1","1"
"GATCTCGACGCTGTGG-1","3"
"GATCTGCTATCTAAGG-1","4"
"GATCTTGGAGGGCATA-1","1"
"GATCTTTGCAGGGTAT-1","5"
"GATGACAAGTAGGGCA-1","4"
"GATGACGATGATCGCG-1","6"
"GATGAGGAACCTTCGG-1","3"
"GATGATTTGAAACTGG-1","6"
"GATGCCACACTACAGC-1","6"
"GATGCCAGCAGAAGGC-1","8"
"GATGCCTTCTGCGGCA-1","7"
"GATGCGTCCTGCATTC-1","4"
"GATGCTACAAGCGCCT-1","2"
"GATGCTGTATTTCATC-1","1"
"GATGGCGCACACATTA-1","2"
"GATGGTGCCCTAGGCA-1","2"
"GATGTAACGAACCACC-1","7"
"GATGTCCGGATCACAT-1","6"
"GATGTCGGTCAACTGC-1","0"
"GATGTGTTGTCACAAG-1","0"
"GATGTTCAATCCACGA-1","4"
"GATGTTTGTGCGAGAT-1","2"
"GATTAACCGAAAGCCC-1","3"
"GATTAATCCTGGCTCA-1","6"
"GATTACTGAATTTGGG-1","5"
"GATTCCCTTGTCGCAG-1","1"
"GATTCCGCGTTTCCGT-1","2"
"GATTCCTATACGGCGC-1","5"
"GATTCGACGGTTCACG-1","1"
"GATTGACACTCTGCTC-1","3"
"GATTGCTCCAGTTGCA-1","7"
"GATTGGGAAAGGTTGT-1","3"
"GCAAACCCTACATTAT-1","0"
"GCAAACCTTGGCCATA-1","8"
"GCAAACGTAAGCGACC-1","7"
"GCAAACGTCGCCAGGT-1","0"
"GCAAAGGGCGTTAGCC-1","7"
"GCAAATATTACGCTTT-1","5"
"GCAACACACTAGAACT-1","4"
"GCAACAGCAGTATGCG-1","0"
"GCAACCACCAGACCGG-1","2"
"GCAACCACGGCCGCGT-1","5"
"GCAACGGCTAGTTATG-1","0"
"GCAAGAATTCCTTGGC-1","7"
"GCAAGATGTGTTCGCG-1","0"
"GCAAGTGCACAGAGAA-1","1"
"GCAAGTGTAAAGCATG-1","4"
"GCACAAACCCTAGATG-1","7"
"GCACAAACGAGGCGTG-1","0"
"GCACAACCTCGGGCGT-1","7"
"GCACAAGTGTCGGAAG-1","2"
"GCACACACTGGTAGCC-1","3"
"GCACACGCCCATGGTC-1","3"
"GCACAGCACGGGCCGA-1","4"
"GCACGCCTACTTAGAT-1","7"
"GCACGTGGTTTACTTA-1","0"
"GCACTAGTCGCGCTAT-1","2"
"GCACTGCCTACCTTTA-1","3"
"GCACTGTGCAAATGTA-1","6"
"GCAGACCCAGCACGTA-1","3"
"GCAGATCCATAAGACT-1","3"
"GCAGATCCTCGCAAAT-1","2"
"GCAGATTAGGGATATC-1","1"
"GCAGCACACAGCCCAG-1","5"
"GCAGCCTATATCACAT-1","3"
"GCAGCGGTGGGCATTA-1","6"
"GCAGGAACTTAGATCT-1","4"
"GCAGGACTATAGAATA-1","1"
"GCAGGTAGAGTATGGT-1","2"
"GCAGTGTGGCTATAGG-1","0"
"GCATACGAGGTCTTTA-1","3"
"GCATAGAGCACTCAGG-1","5"
"GCATCCCTAACTTTGA-1","0"
"GCATCGGCCGTGTAGG-1","1"
"GCATGAGGGACGCGGC-1","1"
"GCATTCAAGGCAACGC-1","0"
"GCATTCGAAATGAACA-1","3"
"GCATTGTAATTCATAT-1","5"
"GCATTTCCAAGGCTCC-1","0"
"GCCAACCATTTCCGGA-1","0"
"GCCAAGAATACTTCTG-1","9"
"GCCAATAGGGCATCTC-1","0"
"GCCACAATTTAAGGAC-1","4"
"GCCACTCAGAGCGCGA-1","0"
"GCCAGGAAAGAACACT-1","4"
"GCCAGGAGTAACCGAT-1","1"
"GCCAGGCGTTCGCATG-1","2"
"GCCATATTGCACACAG-1","9"
"GCCATCGAGCTGCGTG-1","4"
"GCCATCGATGCTGCAT-1","2"
"GCCATTAGCCTCAAAC-1","4"
"GCCCACCAAGGCTGTC-1","6"
"GCCCAGTTGGTATGCC-1","2"
"GCCCATGGGTGCAATG-1","0"
"GCCCGACTTCTTCCCG-1","4"
"GCCCGAGAGTCTAAAT-1","7"
"GCCCGATCTGTGGTCG-1","3"
"GCCCGCGCGTAAACGG-1","7"
"GCCCGCGCGTTTGACA-1","1"
"GCCCGTAATACCTTCT-1","1"
"GCCCTAGCCGTCGCGA-1","4"
"GCCCTGAGGATGGGCT-1","3"
"GCCGAAATTCCTACGT-1","5"
"GCCGACCCACGACTGC-1","7"
"GCCGATTGGCCAAGCT-1","8"
"GCCGCATTAGTCCGGC-1","3"
"GCCGCTAGATACGCAG-1","0"
"GCCGCTTGTGAGAAAC-1","5"
"GCCGGAAACACATCTT-1","6"
"GCCGGGTTAGGGTCGC-1","4"
"GCCGGTTTGGGCGGAT-1","5"
"GCCGTCGGTTTCGGGC-1","4"
"GCCGTGGAAGAAATGT-1","0"
"GCCTAGCGATCTGACC-1","2"
"GCCTATAGTGTCAGGG-1","1"
"GCCTATTCCGATATAG-1","5"
"GCCTATTTGCTACACA-1","0"
"GCCTCATCTGGAAATA-1","0"
"GCCTCCGACAATTCAC-1","3"
"GCCTCTATACATAGCA-1","8"
"GCCTGCTACACTGAGA-1","8"
"GCCTTCAGCCCTACCG-1","2"
"GCCTTGTATATGCAGT-1","2"
"GCCTTTGTCAGTGGAC-1","7"
"GCGAAACGATCGGGAG-1","2"
"GCGAAACTTAACTGGA-1","1"
"GCGAAGAATCTGACGG-1","8"
"GCGAAGCCATACCCGT-1","5"
"GCGACATGTAAACATC-1","3"
"GCGACCCAACCATCTG-1","4"
"GCGACGATAGTTGTAC-1","4"
"GCGAGAAACGGGAGTT-1","5"
"GCGAGAGGCCATGTAA-1","2"
"GCGAGAGTTGCGTCCA-1","0"
"GCGAGCGCATGCTCCC-1","3"
"GCGAGGCCCGAGCAGA-1","5"
"GCGAGTTCTGCAAAGA-1","5"
"GCGATTCTGGAAGCAG-1","2"
"GCGATTGTTAACGTTA-1","1"
"GCGCAAATATATTCAA-1","7"
"GCGCAAGAGCGCGCTG-1","2"
"GCGCATCCAGTCAGCA-1","0"
"GCGCCGTTCCACGATA-1","8"
"GCGCCTCCCACTCCGA-1","2"
"GCGCGGTCTAGTAACT-1","4"
"GCGCGTCATTGGTACA-1","8"
"GCGCTAAGTATGCATG-1","0"
"GCGCTAATTGAATAGA-1","5"
"GCGCTATGCCGAGGCA-1","4"
"GCGCTGATCCAGACTC-1","2"
"GCGCTGCTTTGCATTT-1","2"
"GCGCTTAAATAATTGG-1","0"
"GCGGACCGCGTTGTGG-1","7"
"GCGGAGAAACTTCGCA-1","7"
"GCGGAGAGGGAGAACG-1","1"
"GCGGCAAAGTATTGCC-1","4"
"GCGGCTCTGACGTACC-1","5"
"GCGGGAACCAGGCCCT-1","1"
"GCGGGCGAGCCTTACC-1","4"
"GCGGTCCCTAGACGCA-1","0"
"GCGGTGAACTGCGCTC-1","0"
"GCGGTTCCCTATCATG-1","4"
"GCGTAAATGGCCATAA-1","0"
"GCGTCCCTAAGACATA-1","4"
"GCGTCGAAATGTCGGT-1","1"
"GCGTCGCCAGGGTGAT-1","1"
"GCGTCTCTGCATTGGG-1","5"
"GCGTGGTACTGGGTTA-1","2"
"GCGTGTATGTCGTATT-1","0"
"GCGTTATATTTGGAAC-1","0"
"GCGTTCGGAGACCGGG-1","2"
"GCTAAACCTGAGGTGA-1","6"
"GCTAACTGAAGTCTGA-1","8"
"GCTAAGTAAAGGCGAT-1","6"
"GCTAAGTAGTTTCTCT-1","1"
"GCTAATACCGAATGCC-1","1"
"GCTACAATCGAGGATA-1","6"
"GCTACAGTACGGACCG-1","3"
"GCTACGACTTATTGGG-1","1"
"GCTACTATAGTAGAGT-1","1"
"GCTAGACCGTCTACTG-1","2"
"GCTAGAGTAGAGATGT-1","0"
"GCTAGCAGGGAGTGGG-1","0"
"GCTAGCGATAGGTCTT-1","7"
"GCTAGCTTGAATAGCT-1","7"
"GCTAGGCACCACGGAG-1","8"
"GCTAGTAGAGCTTGTA-1","8"
"GCTAGTTTCATTGAGG-1","2"
"GCTATACGTCTCGGAC-1","3"
"GCTATCATACTCATGG-1","3"
"GCTATCGCGGCGCAAC-1","5"
"GCTCAATCCGTTTATT-1","7"
"GCTCAATGTAATACCG-1","3"
"GCTCATTACTGCATGT-1","0"
"GCTCCCAGTCGGTCCA-1","0"
"GCTCCGCTCGCTTCAG-1","0"
"GCTCCGGACGTTGATA-1","6"
"GCTCCTGACATACTGG-1","4"
"GCTCGCGGTTCCGCTC-1","1"
"GCTCGCTCATGTCCAA-1","0"
"GCTCGGAATTTAAAGC-1","8"
"GCTCTAAACCCTGACG-1","6"
"GCTCTATGTTACGTGC-1","1"
"GCTCTCGGGTACCGAA-1","1"
"GCTCTTTCCGCTAGTG-1","4"
"GCTGAATCTTCCAATC-1","7"
"GCTGAGGCGTGAGTAT-1","8"
"GCTGCACGGTTTCTTA-1","1"
"GCTGCTAAGTAGTCGA-1","4"
"GCTGCTACTGCGTAGC-1","3"
"GCTGCTCTCCGGACAC-1","5"
"GCTGGACCCAAAGTGG-1","0"
"GCTGGCATATTCACCT-1","5"
"GCTGGCGGCGCATGCT-1","3"
"GCTGGGTCCGCTGTTA-1","3"
"GCTGGTTTAGGCCATA-1","7"
"GCTGTATTACTGGCCC-1","7"
"GCTGTCTGTGATCGAC-1","6"
"GCTGTTGCTACCGAAC-1","0"
"GCTTAATGTAACTAAC-1","9"
"GCTTACGTAGTTAGTA-1","8"
"GCTTATGAAGCAGGAA-1","1"
"GCTTCCATGTAACCGC-1","3"
"GCTTCCGTCCCTAGAC-1","1"
"GCTTCGACGTTCAATC-1","7"
"GCTTGATGATAATCAG-1","0"
"GCTTGGATCGATTAGG-1","2"
"GCTTTCAGAGGAGGTG-1","1"
"GGAAACCTTGTTGAAT-1","2"
"GGAAACTAAATGGGCC-1","0"
"GGAAAGTGCCCATGCC-1","2"
"GGAACCGTGTAAATTG-1","4"
"GGAACCTTGACTCTGC-1","7"
"GGAACGGCCTGCAGCC-1","8"
"GGAACTTTGGCGATTA-1","0"
"GGAAGCTCGCTTACAG-1","0"
"GGAATAACCTCAAGAA-1","8"
"GGAATGCGCTAGCGTG-1","1"
"GGACACAAGTTTACAC-1","0"
"GGACCAACAGGATAAC-1","3"
"GGACCTACGGTAACGT-1","0"
"GGACCTCTAGGCCGCC-1","7"
"GGACGGCTTGCGCAAC-1","0"
"GGACTCGACAGCGCAT-1","4"
"GGACTCGTGAGTGGTC-1","7"
"GGAGAAGTCATTGGCA-1","1"
"GGAGACCATCTACATA-1","4"
"GGAGACGACACCTTTG-1","1"
"GGAGCAACATTTCAAG-1","6"
"GGAGCACCAAGAACTA-1","1"
"GGAGCGAGGCCTACTT-1","3"
"GGAGGATTGAAAGGAG-1","0"
"GGAGGCCGAAGTCGTC-1","0"
"GGAGGCGAAGAACCGC-1","6"
"GGAGGGCTTGGTTGGC-1","1"
"GGAGGGTCAAGTAAGA-1","3"
"GGAGTGCCGCCCTGGA-1","1"
"GGAGTTGATTCTGTGT-1","3"
"GGATACTCATGAATTG-1","0"
"GGATCAAAGGACGAGG-1","0"
"GGATCATCCCGTACGC-1","2"
"GGATCCCTACCAGCTA-1","6"
"GGATCCGGAATATACT-1","1"
"GGATCTTACTGCCCTT-1","7"
"GGATCTTGACTCAACC-1","4"
"GGATGAAGATCGCTGA-1","2"
"GGATGACGCGAGTTTA-1","5"
"GGATGCTGGCGTTCCT-1","1"
"GGATGTCCTTACCGCA-1","1"
"GGATTAAGCTAAGGTC-1","2"
"GGATTCAGTACGGTGG-1","2"
"GGATTCCGCTATACCC-1","1"
"GGATTGAAGTAGCCTC-1","3"
"GGATTGCTGTGACTCC-1","3"
"GGATTTCACTTCTATA-1","1"
"GGCAAAGGCGCCAATA-1","7"
"GGCAAATTACTTTACT-1","4"
"GGCAAGCCCATAGTGG-1","4"
"GGCAAGGCGAAATAGC-1","1"
"GGCAATAGTCAATGAG-1","1"
"GGCACTCCACTGGGCA-1","5"
"GGCAGCAAACCTATGC-1","0"
"GGCAGCGGTAATCCTA-1","2"
"GGCATACAGGTAGCGG-1","5"
"GGCATATCGGTTCTGC-1","2"
"GGCATCAACGAGCACG-1","6"
"GGCCACAAGCGATGGC-1","6"
"GGCCCTCACCCACTTA-1","5"
"GGCCGAGACTCTGGTG-1","7"
"GGCCGGCGTCTGCTAT-1","3"
"GGCCGTTTGGGTTTCA-1","4"
"GGCCTGCTTCTCCCGA-1","0"
"GGCGAAATCTAACTTG-1","1"
"GGCGAGCATCGAGGAC-1","6"
"GGCGAGCGAAACGGCA-1","4"
"GGCGCAGGACATCTTC-1","5"
"GGCGCATGAATTGATG-1","4"
"GGCGCGGAGATCTTTC-1","8"
"GGCGCGTTCGAGTTTA-1","4"
"GGCGCTCCTCATCAAT-1","2"
"GGCGCTTCATTCCCTG-1","3"
"GGCGGAGTAATATTAG-1","5"
"GGCGGTAGGATCATTG-1","5"
"GGCGGTTTGCCGGTGC-1","5"
"GGCGTACCCTATATAA-1","6"
"GGCGTAGGGAAAGCTG-1","3"
"GGCGTCCTATCCGCTG-1","5"
"GGCTAAAGGGCGGGTC-1","2"
"GGCTACTATACACTCC-1","7"
"GGCTATTAAGTTGTAT-1","5"
"GGCTCCTCCACCTGTT-1","4"
"GGCTCGCGTTGAGGTA-1","1"
"GGCTCGTGCCACCAGC-1","2"
"GGCTCTGCTCCAACGC-1","1"
"GGCTGAAATAGCAAAG-1","3"
"GGCTGAGCATCGTAAG-1","0"
"GGCTGGCTAGCTTAAA-1","6"
"GGCTTTCAATAAGGGT-1","3"
"GGGAACCACCTGTTTC-1","5"
"GGGAACGGGAGGTTAG-1","8"
"GGGAACGGTTTCAGAT-1","7"
"GGGAAGACGGTCTGTC-1","3"
"GGGAAGGGCTTTCTCA-1","3"
"GGGAATGAGCCCTCAC-1","0"
"GGGACAGAGTTACTCC-1","7"
"GGGACCCGTATATCTT-1","4"
"GGGACTGCATAGATAG-1","5"
"GGGAGAACTCACAGTA-1","5"
"GGGAGGATGCCCGAAA-1","5"
"GGGAGTAATGGCTGGC-1","0"
"GGGAGTTAATGAGGCG-1","1"
"GGGATGGACCCGCGTC-1","4"
"GGGATGGTCGTAACCG-1","4"
"GGGATTTACCGCACCT-1","1"
"GGGCAACCGCACGTGC-1","7"
"GGGCAGAGCAATCGTT-1","3"
"GGGCAGGATTTCTGTG-1","7"
"GGGCCATTCGTGCTGG-1","7"
"GGGCCCGTCTTAAACA-1","4"
"GGGCCCTACGAAAGGG-1","3"
"GGGCCGGCCGAAGTAC-1","1"
"GGGCCTAAATGGGCTA-1","9"
"GGGCGATATGTGTGAA-1","1"
"GGGCGGCAAATGAATT-1","4"
"GGGCGGGTTCCCTACG-1","4"
"GGGCGGTCCTATTGTC-1","6"
"GGGCGTACATTTATAT-1","1"
"GGGCGTCACCACGTAA-1","4"
"GGGCGTCCACTGGCTC-1","2"
"GGGCGTGGTTTCCCAG-1","3"
"GGGCGTTTACATTCAT-1","7"
"GGGCTATGATCGATGG-1","4"
"GGGCTCATCGAACCCA-1","1"
"GGGCTGCCTAGGGCGA-1","5"
"GGGCTGGTTAGTCGCG-1","5"
"GGGTAATGCTGTGTTT-1","5"
"GGGTACACTCTGGAGG-1","6"
"GGGTACCCACGGTCCT-1","0"
"GGGTACTTCATGAACT-1","5"
"GGGTATGTATGCACTT-1","0"
"GGGTATTCTAGCAAAC-1","7"
"GGGTCACCGTGACGGT-1","5"
"GGGTCACGTGCTTATG-1","6"
"GGGTCAGGAGCTAGAT-1","5"
"GGGTCATGCGTACCAT-1","8"
"GGGTCGTGGCAAGTGT-1","2"
"GGGTCTATCGCTTTCC-1","3"
"GGGTGACACCTTAACT-1","4"
"GGGTGCATATGAAAGC-1","0"
"GGGTGGTCCAGCCTGT-1","0"
"GGGTGTTTCAGCTATG-1","2"
"GGGTTAACATTTGAGT-1","4"
"GGGTTCAGACGAACAA-1","6"
"GGGTTTAGGATAGGAT-1","2"
"GGTAAACTCTGCGCTG-1","3"
"GGTAAATGTGCGTTAC-1","0"
"GGTAACCGGGAGGATA-1","4"
"GGTAACTATGTATCTG-1","0"
"GGTACAAACATGCTAT-1","4"
"GGTACATCTGGGACGA-1","5"
"GGTACCATTAAGACGG-1","2"
"GGTAGAAGACCGCCTG-1","3"
"GGTAGACCGTTGGGCG-1","4"
"GGTAGTGCTCGCACCA-1","1"
"GGTATAGTGACACATA-1","3"
"GGTATTGCCGAGTTTA-1","5"
"GGTCAAGACTACTTCG-1","0"
"GGTCACGTTAGATTCA-1","6"
"GGTCAGTGGGTCCCAC-1","4"
"GGTCATTGTAGTCATA-1","4"
"GGTCCTTCATACGACT-1","5"
"GGTCGGATAAACGGCG-1","2"
"GGTCGGCCAGGAGCTT-1","1"
"GGTCGGTAATTAGACA-1","2"
"GGTCGGTCGTCCACAG-1","4"
"GGTCGTAAGCTCGCAC-1","4"
"GGTCTCCGTCCAGGTT-1","0"
"GGTCTCTGAATGGACT-1","7"
"GGTCTGAGAATCTGGA-1","1"
"GGTCTTGAGCGCTCTT-1","3"
"GGTGAAACCGGGAATG-1","6"
"GGTGAACGGGCTAGCC-1","6"
"GGTGAAGTACAGGGAT-1","7"
"GGTGAGATGCAGATAA-1","0"
"GGTGATAAGGAGCAGT-1","1"
"GGTGATTTCATCTTGT-1","6"
"GGTGCAGAGCCTATCG-1","0"
"GGTGCATAAATGATTA-1","4"
"GGTGCGGATAAGTGGC-1","2"
"GGTGCTGATCACAAAG-1","0"
"GGTGCTGGTACACATT-1","4"
"GGTGGACCACGTGTTA-1","6"
"GGTGGACTGCTCTGGC-1","8"
"GGTGTAAATCGATTGT-1","4"
"GGTGTTCTGTTTCTAC-1","2"
"GGTTACCACCCTCGGG-1","4"
"GGTTAGCTATATGTCT-1","3"
"GGTTAGGCTTGGAGAA-1","5"
"GGTTAGTTACGGCGCC-1","0"
"GGTTCCACCCGCTTCT-1","0"
"GGTTCTACTCGTCTGA-1","2"
"GGTTGTATCGTGAAAT-1","6"
"GGTTGTGTAGCCTGGC-1","0"
"GGTTTAATTACCATCG-1","4"
"GGTTTACAATCTCAAT-1","2"
"GGTTTAGCCTTTCTTG-1","0"
"GGTTTCAATCGGTCAG-1","1"
"GGTTTGAGTGCTGGAA-1","0"
"GGTTTGTGACCTGAGG-1","0"
"GTAACATCTAAGATAA-1","0"
"GTAACTGCCCAAGGAG-1","4"
"GTAACTTGCGGCAGTC-1","0"
"GTAAGCGGGCAGTCAG-1","1"
"GTAAGGATTTGTCGGA-1","0"
"GTAAGTAACAGTCTGG-1","1"
"GTAAGTAGGGTATACC-1","5"
"GTAATAAAGGGCTCCC-1","2"
"GTAATCTGATTCTTCG-1","4"
"GTACACTTACCTGAAG-1","5"
"GTACAGAGGCAAGGGT-1","1"
"GTACGACGGCGCTGCG-1","0"
"GTACGAGATTGCGACA-1","1"
"GTACGCTTCATTGCAC-1","1"
"GTACGTCACGTATTAA-1","6"
"GTACGTTTGCCCGTCA-1","1"
"GTACTAAGATTTGGAG-1","5"
"GTACTCCCTTATCGCT-1","5"
"GTACTCCTGGGTATGC-1","0"
"GTACTGAGGTCGTAAC-1","0"
"GTACTGCATGAAGCGT-1","0"
"GTACTGGAGTTAGACC-1","1"
"GTACTTGGGCACTTCT-1","1"
"GTAGAAACGGGTGGAG-1","2"
"GTAGACAACCGATGAA-1","0"
"GTAGACACGCCTGACT-1","3"
"GTAGACGTCGTTACAT-1","0"
"GTAGAGGGAGACAAGT-1","7"
"GTAGCCAAACATGGGA-1","3"
"GTAGCGCTGTTGTAGT-1","0"
"GTAGCGGCTATACACT-1","1"
"GTAGCTAGTAAGCGCG-1","0"
"GTAGCTCCGGGAGGCT-1","7"
"GTAGCTTCCTCTTGTT-1","1"
"GTAGGTGATCCGTGTA-1","2"
"GTAGTCGCGGGAATCA-1","1"
"GTAGTCTACGATATTG-1","3"
"GTAGTTCGAAGGCGAA-1","4"
"GTATAATCTCCCGGAT-1","5"
"GTATAGGACTCAGTAG-1","1"
"GTATAGTGGCCCATGT-1","0"
"GTATATGTTACGGCGG-1","6"
"GTATCAAACGTTAGCT-1","2"
"GTATCAGCTTGGGTTC-1","2"
"GTATCCTTTGGTAACC-1","0"
"GTATCGGGACGAGCTG-1","6"
"GTATCTCAGTCTTGAC-1","4"
"GTATCTCCCTAACTGT-1","6"
"GTATCTTGTTGCTCAC-1","6"
"GTATCTTTCATAACCA-1","8"
"GTATGAAATTTCACTC-1","4"
"GTATGACGTGGGAAAC-1","5"
"GTATGTGGGTCTAGTT-1","2"
"GTATTAAGGCGTCTAA-1","2"
"GTATTCTGAGAAACGA-1","7"
"GTATTTAATGGCATAA-1","3"
"GTCAAAGAAGTGGTGT-1","7"
"GTCAAAGTTTACATAG-1","0"
"GTCAACCAGGCCTATA-1","3"
"GTCAAGCGGACTCGGG-1","1"
"GTCAATTGTACTGAAG-1","6"
"GTCACAAAGTTTCCAA-1","0"
"GTCACCTGTCTATGTC-1","0"
"GTCACTCTCCAAATCT-1","2"
"GTCAGAATAGTCTATG-1","9"
"GTCAGTTGTGCTCGTT-1","2"
"GTCAGTTTGGTAGTCG-1","2"
"GTCATCTCCTACAGCT-1","6"
"GTCATGCACCTCCGTT-1","3"
"GTCATGCGCGAGGGCT-1","3"
"GTCATGGACATGACTA-1","1"
"GTCATTAGAGCGAACG-1","4"
"GTCATTGCATTGACCC-1","5"
"GTCCAATATTTAGCCT-1","1"
"GTCCATTACTGCTACG-1","2"
"GTCCCAACGTAAAGTA-1","5"
"GTCCCGCGACGTTATG-1","3"
"GTCCGGACCTGAAATT-1","3"
"GTCCGGCTGAATTGCG-1","5"
"GTCCTACAGGCGGCTC-1","2"
"GTCCTACGAATAGTCT-1","0"
"GTCCTAGGATACCTTA-1","7"
"GTCCTTCTAGTGGGTT-1","2"
"GTCCTTTAATGACTTC-1","6"
"GTCGAATTTGGGCGCT-1","7"
"GTCGCCGTTGTGTGTT-1","7"
"GTCGCGTAACCCGTTG-1","1"
"GTCGGATATCTCAGAC-1","5"
"GTCGGATGTAGCGCGC-1","1"
"GTCGGGAAGCAGAAAC-1","3"
"GTCGTACCATCTCGGG-1","4"
"GTCGTATTGGCGTACA-1","1"
"GTCGTCAATTATAAGG-1","0"
"GTCGTGTCTGGTCATC-1","2"
"GTCGTTATTCGCTTAT-1","1"
"GTCTACTCAATTACAA-1","3"
"GTCTAGTGAGCCGCTT-1","3"
"GTCTATCTGAGTTTCT-1","5"
"GTCTATTGGTTCCGGT-1","2"
"GTCTCAAGGCCCGGCT-1","3"
"GTCTCCTGCCAGTATG-1","7"
"GTCTCGACTAAGTTTG-1","0"
"GTCTCGATCTGCTTTC-1","1"
"GTCTCGCCAACACGCC-1","6"
"GTCTGGGCGGTCGAGA-1","4"
"GTCTGTAGGTTGAACA-1","4"
"GTCTTAGTACAGCCGG-1","1"
"GTCTTGAGGAGCAGTG-1","0"
"GTCTTGTAGCTATTCA-1","0"
"GTGAAACGGCGCCACC-1","1"
"GTGAAACGTGCTCCAC-1","0"
"GTGAACTCCCATTCGA-1","0"
"GTGAAGATTTCAAGTG-1","2"
"GTGAAGCCGTATAGTC-1","0"
"GTGAAGTCACGACTCG-1","4"
"GTGACAGCTTCCCACT-1","1"
"GTGACCGCACACTACG-1","1"
"GTGACGAGGGTGACCC-1","0"
"GTGACGCAGGTTTCAT-1","3"
"GTGACTTCAGTAGTGC-1","4"
"GTGAGATAACCTTATA-1","4"
"GTGAGCGTGCTGCACT-1","5"
"GTGAGGACACTTAAGG-1","4"
"GTGAGGAGCGGTTGAG-1","0"
"GTGAGTGGTACAACGC-1","4"
"GTGATCAAGCGTGCAC-1","7"
"GTGATCACTAACGCCT-1","2"
"GTGATCATAGATCTGC-1","4"
"GTGATCCTTGTCATGA-1","3"
"GTGATGCACAACATCT-1","0"
"GTGATTCGCCGCTCAA-1","4"
"GTGCAACAAATGTGGC-1","0"
"GTGCACCAGCTTCAAC-1","4"
"GTGCACGAAAGTGACT-1","2"
"GTGCCATCACACGGTG-1","5"
"GTGCCCGTTCGGATTC-1","1"
"GTGCCGCTTCAAAGGT-1","4"
"GTGCCTAGCTATGCTT-1","6"
"GTGCCTCAGTGTACGG-1","2"
"GTGCGAAATCGAACAC-1","4"
"GTGCGACAGGGAGTGT-1","3"
"GTGCGCAGCTTGCTCC-1","6"
"GTGCGCTTACAAATGA-1","6"
"GTGCGGGACCATCGGC-1","6"
"GTGCGGGTCTCCAAAT-1","1"
"GTGCGTGTATATGAGC-1","1"
"GTGCTCAAGTACTGTC-1","5"
"GTGCTTACATCAGCGC-1","0"
"GTGGAACCTACATGCG-1","0"
"GTGGACCAACCCGATT-1","4"
"GTGGACGCATTTGTCC-1","3"
"GTGGACGTGCTGAGAC-1","0"
"GTGGAGCGTTTACCGA-1","7"
"GTGGAGTCGGCGGTTG-1","7"
"GTGGCAAACAGCGGCA-1","7"
"GTGGCCGGTTTCTCGG-1","7"
"GTGGCGGGCCGTAGCT-1","0"
"GTGGCGGTCCCAGCGT-1","5"
"GTGGCGTGCACCAGAG-1","6"
"GTGGGAAGACTGAATC-1","9"
"GTGGGCTTAGACACAC-1","5"
"GTGGTATAGTCTGCCG-1","7"
"GTGGTCAGCGAAGTAT-1","0"
"GTGGTGGCCAAGTGAA-1","1"
"GTGGTTACTTCTTTCG-1","2"
"GTGGTTTCCGCCTTTC-1","5"
"GTGTACCTTGGCTACG-1","1"
"GTGTATATCAGCGGGC-1","3"
"GTGTATGACTTTAAAG-1","6"
"GTGTCAGTGTACGTGG-1","4"
"GTGTCCGATAAGGCAT-1","0"
"GTGTCGTATAGCGTTC-1","0"
"GTGTGAATAACTTAGG-1","1"
"GTGTGAGCCGAGGTGC-1","6"
"GTGTTACTATGCGTCC-1","1"
"GTTAAAGTAGGACTGG-1","3"
"GTTAACATCACTTAAA-1","3"
"GTTAACTATGTTGTCA-1","0"
"GTTAAGGGTGCGATGT-1","3"
"GTTAAGTTAGAGTGGG-1","9"
"GTTAATGTCTATCTTA-1","5"
"GTTACAATTGGTGACG-1","5"
"GTTACCTACAACTTGC-1","3"
"GTTACGAAATCCACGC-1","8"
"GTTACTTTGGGCCTAG-1","4"
"GTTAGAGTGTGCCGCT-1","2"
"GTTAGCCCATGACATC-1","3"
"GTTAGCCGTAAATCAA-1","0"
"GTTAGGCTACCCGTTT-1","4"
"GTTATAATACGGTGAA-1","0"
"GTTATATTATCTCCCT-1","4"
"GTTATCACCTTCTGAA-1","0"
"GTTATTAAATACGACC-1","0"
"GTTATTAACGTGGGAG-1","6"
"GTTCAATCTATGTCAA-1","0"
"GTTCACAGGAGTCTAG-1","5"
"GTTCAGTCGCCAAATG-1","4"
"GTTCATCGTTTGGCTG-1","2"
"GTTCCAAGACAGCGAC-1","6"
"GTTCCAGTCTGACCAT-1","2"
"GTTCCGTCCGCCTGCA-1","4"
"GTTCGCCATAAGTGCC-1","4"
"GTTCGCTGAGACGTCT-1","0"
"GTTCGGATCGGGAACA-1","2"
"GTTCGGGCGTACCATT-1","0"
"GTTCGTCTAAAGAACT-1","3"
"GTTCGTTGCGGACCAG-1","6"
"GTTCTTCCCTCGATGT-1","3"
"GTTGAACCGGTTCCAT-1","4"
"GTTGAGTCCCGCCGGT-1","3"
"GTTGCACGGAGTTTCG-1","1"
"GTTGCGGACGGTCAGG-1","6"
"GTTGGATTCAGTGGCT-1","2"
"GTTGGATTGAGAACAC-1","1"
"GTTGGATTTGCGTTGG-1","4"
"GTTGGTCATGCTATCC-1","3"
"GTTGTCGTGTTAGTTG-1","2"
"GTTTACGTTCCATCTG-1","3"
"GTTTCAAACGAGTTGT-1","0"
"GTTTCATATCGTCGCT-1","5"
"GTTTCCTGGAGGGTGA-1","1"
"GTTTCTGCAGTCTCCC-1","1"
"GTTTGACCAAATCCTA-1","1"
"GTTTGAGCGGTTATGT-1","6"
"GTTTGGCCCAAGTTAT-1","1"
"GTTTGGCCGCTCAGCG-1","0"
"GTTTGGGCTTGTGAGC-1","3"
"GTTTGGGTTTCGCCCG-1","3"
"GTTTGGTAGGGTCAAC-1","5"
"GTTTGGTGATCGGTGC-1","7"
"TAAACCCAGGAGGGCA-1","7"
"TAAAGAGCCCGAAACC-1","0"
"TAAAGCGGTATTTCCA-1","7"
"TAAAGCGTTAGGAGAA-1","1"
"TAAAGCTGCAATAGGG-1","0"
"TAAAGGAGAAACTAGT-1","6"
"TAAATGAATCCGTTTC-1","2"
"TAAATGCCGTCTCATG-1","0"
"TAAATTTAGTAACACC-1","4"
"TAACAAAGGGAGAAGC-1","2"
"TAACAATATTTGTTGC-1","3"
"TAACAGCGTTTGTGCT-1","7"
"TAACATACAATGTGGG-1","1"
"TAACATACACGCGATC-1","7"
"TAACCGCCCGCAGTGC-1","0"
"TAACCTACCGTCCGAG-1","2"
"TAACCTAGGGAGTCCA-1","0"
"TAACGCTTTGAGAGCG-1","5"
"TAACTATCGAAGGTCC-1","2"
"TAACTATTACGCCAAA-1","0"
"TAACTCATCCGCGCGG-1","4"
"TAACTCCATGGAGGCT-1","2"
"TAAGAGGGACAGGGAC-1","7"
"TAAGATTTAGCGGGAG-1","6"
"TAAGCAGGCGACACGC-1","3"
"TAAGCGCGAATCAAAT-1","7"
"TAAGGAACTTGTGGGA-1","0"
"TAAGGCAACATAAGAT-1","2"
"TAAGGCATAACATCAA-1","4"
"TAAGGCCCGTCACCCT-1","3"
"TAAGGCTGAATCCCTC-1","0"
"TAAGGGCCTGTCCGAT-1","3"
"TAAGGGCTGGGAGAGG-1","3"
"TAAGTAAATGTGCCGC-1","0"
"TAAGTAACATCTTGAC-1","7"
"TAAGTCGCCGAGTATC-1","7"
"TAAGTTGCGACGTAGG-1","5"
"TAATAAACAAGGAGAT-1","2"
"TAATACACAGTAGTAT-1","1"
"TAATAGAACAGAGTTA-1","7"
"TAATAGGTCACCAGAA-1","7"
"TAATAGTGACGACCAG-1","1"
"TAATATTGAAATTCGC-1","2"
"TAATCGATCCGTACGT-1","1"
"TAATGAAAGACCCTTG-1","2"
"TAATTACGTCAGTAGA-1","0"
"TAATTAGATGGATATG-1","6"
"TAATTAGGACATCCGT-1","0"
"TAATTGGAATCGGGAA-1","2"
"TACAAATTGCGGAGGT-1","3"
"TACAACGCACAACTCA-1","4"
"TACAAGCTGTTCACTG-1","6"
"TACAAGTCTCGTGCAT-1","1"
"TACAGAAACGGTGGGC-1","8"
"TACATAGGCATACACC-1","5"
"TACATCCCTATCCCTG-1","9"
"TACATTTCTAACGTGC-1","4"
"TACCAAATAGCCCAGA-1","3"
"TACCAATAAAGTACCA-1","1"
"TACCAGAAGTAGGTTC-1","4"
"TACCAGCTAGGTTTAA-1","2"
"TACCAGGAATCCCGTC-1","7"
"TACCGCGGACTTGCAG-1","2"
"TACCGGCTCACTGCCC-1","3"
"TACCGGTCGTTTCCAT-1","4"
"TACCGTAGGTTAACTA-1","4"
"TACCGTGCCTCGGACC-1","1"
"TACCTACTCCCAGTAT-1","3"
"TACCTCACGCTTGTAC-1","5"
"TACCTCAGTTGTCTGT-1","4"
"TACCTCCACACCAATG-1","7"
"TACCTGCTGCACTGTG-1","5"
"TACCTTAAGATTTCCC-1","4"
"TACGAACACGACTTCA-1","5"
"TACGACGCTTGCTGCG-1","4"
"TACGACTGCCTCTTAG-1","8"
"TACGAGAACTTCACGT-1","5"
"TACGATGTTGATCATC-1","1"
"TACGCAGTTCTTTCCT-1","4"
"TACGCCATATTCTAAT-1","3"
"TACGCCGAGGGTACCC-1","4"
"TACGCCTCCATTCCGA-1","8"
"TACGCTATAGAAACCT-1","0"
"TACGCTCGGTATTGGA-1","3"
"TACGCTGCTGTGTTAA-1","7"
"TACGGGATGCTAGCAG-1","2"
"TACGTAAAGCGGAGTG-1","3"
"TACGTACTAGTGCTGA-1","7"
"TACGTGCACTATGCTG-1","1"
"TACGTTTACCGGCAAT-1","5"
"TACTATGGTTCCTCAG-1","7"
"TACTCCTCTAGTTGAC-1","4"
"TACTCGGCACGCCGGG-1","3"
"TACTCTCCGAACAAAT-1","1"
"TACTCTTACTTTACTG-1","0"
"TACTCTTTCGTCTTCA-1","4"
"TACTGAACAGATTTAG-1","7"
"TACTGAGGGAAGAAAG-1","7"
"TACTGCAATCAATTAC-1","2"
"TACTGGACAGCTCGGC-1","5"
"TACTGTTTCTCTGGTA-1","0"
"TACTTGTTAGTAGTCC-1","1"
"TACTTTACTGAGCCGG-1","0"
"TACTTTCCGCACGCCA-1","4"
"TAGAAACCACTAAGTA-1","0"
"TAGAAAGGTGGCGCTA-1","1"
"TAGAAATTCACGTATA-1","3"
"TAGAATAGCCGATGAA-1","0"
"TAGAATTAAGGGCAAC-1","0"
"TAGACGAAACGCCAAT-1","8"
"TAGACGCCCGTACCGG-1","1"
"TAGACTACCTAGCGTT-1","0"
"TAGAGATCATGCAACT-1","4"
"TAGAGCTACGAAGAAC-1","0"
"TAGAGGTTCTACTTGT-1","6"
"TAGAGTCTAAGCGAAC-1","1"
"TAGATATGGACTGGAA-1","4"
"TAGATCCGAAGTCGCA-1","0"
"TAGATGGTTCCTTACT-1","0"
"TAGATTCAAAGTGCGG-1","4"
"TAGATTCCTGGTTATT-1","5"
"TAGCAACCTGTCACAA-1","9"
"TAGCAGTATGACTAAA-1","3"
"TAGCCAGAGGGTCCGG-1","6"
"TAGCCATTTCAAAGTC-1","3"
"TAGCCGGCGGTCAGCG-1","0"
"TAGCGTCCCTCGATTG-1","0"
"TAGCGTCCGGTGTGGT-1","3"
"TAGCGTTGGGTCTTAC-1","8"
"TAGCTAAGTCCGGGAG-1","1"
"TAGCTAGAAGGCATGA-1","4"
"TAGCTAGTGATGATGG-1","4"
"TAGCTCGCCTGATAAC-1","4"
"TAGCTGATGTGAAGCG-1","9"
"TAGGAACAGCCTCCAG-1","2"
"TAGGCATGTTACGCCA-1","1"
"TAGGCCTATATAGTCT-1","3"
"TAGGCGATGAGGTCTC-1","4"
"TAGGCGGCTGCAAAGA-1","7"
"TAGGCTAAAGTGGCAC-1","3"
"TAGGGAGCTTGGGATG-1","2"
"TAGGGTGTTTCAAGAG-1","1"
"TAGGTCCAAGTAAGGA-1","0"
"TAGGTCGCCGGAACTG-1","2"
"TAGGTGACGATAACCT-1","3"
"TAGGTGAGCCCTACTC-1","3"
"TAGGTGCTCGCCTAGC-1","1"
"TAGGTGTTCCACAGAT-1","3"
"TAGGTTCGAGTTCGTC-1","5"
"TAGTACCACAACTTTC-1","7"
"TAGTACCTTAGTGGTC-1","6"
"TAGTAGCTTATACCAG-1","7"
"TAGTCCCGGAGACCAC-1","4"
"TAGTCCGCAGAGAATG-1","9"
"TAGTCCGTATGCATAA-1","6"
"TAGTCGATCACGGGTT-1","0"
"TAGTCTAACAACGAGA-1","9"
"TAGTCTGCGGCACATT-1","4"
"TAGTCTGTGACGTTGC-1","2"
"TAGTCTTTCCGAATTG-1","3"
"TAGTGCCCTCCAGAGT-1","5"
"TAGTGGAACTCATACA-1","0"
"TAGTGTCAGAAACGGC-1","6"
"TAGTTAAGATAGGATA-1","0"
"TAGTTTATTCTTGCTT-1","0"
"TATAAATCCACAAGCT-1","2"
"TATAAGTGAGGATAGC-1","2"
"TATACACAGACGCCTT-1","3"
"TATACACGCAAAGTAT-1","9"
"TATACCGAGTGCCACA-1","3"
"TATACGCGTCATCACT-1","4"
"TATACTCATGCGGCAA-1","0"
"TATAGAGTCGCTTGAA-1","4"
"TATAGATGGTCGCAGT-1","3"
"TATAGGGTACTCATGA-1","3"
"TATATAGGGCTTTACG-1","7"
"TATATATCGAGAAATG-1","7"
"TATATCAAAGTGATCT-1","4"
"TATATCCCTGGGAGGA-1","3"
"TATATTACAAATGTCG-1","0"
"TATATTCGCGTCGATA-1","2"
"TATCACAGCACGGGCA-1","0"
"TATCACCATGTAAAGT-1","0"
"TATCACCCAACCGACC-1","2"
"TATCACTTCGAGTAAC-1","2"
"TATCAGTGGCGTAGTC-1","4"
"TATCCAATTGGTTATC-1","8"
"TATCCATATCATGCGA-1","2"
"TATCCATCTCGGTTAG-1","7"
"TATCCGCACCGTCGGG-1","4"
"TATCCTATCAACTGGT-1","4"
"TATCCTGCATGGGAAT-1","1"
"TATCGATCTATGCATA-1","0"
"TATCGATGATTAAACG-1","1"
"TATCTACAGAGGTAAT-1","5"
"TATCTACCACAGCGGG-1","8"
"TATCTAGCCTAAAGGA-1","3"
"TATCTGAGCCGATATT-1","4"
"TATCTTGCAATACAAC-1","7"
"TATGAAGACAGGTGCG-1","5"
"TATGATAAATCTAACG-1","0"
"TATGATCCGGCACGCC-1","0"
"TATGATCTTCTCTTTA-1","0"
"TATGATTCTGCTTGGT-1","6"
"TATGCTCCCTACTTAC-1","1"
"TATGGAGTTTCTCGTT-1","6"
"TATGGATGTGCTACGC-1","5"
"TATGGCCCGGCCTCGC-1","5"
"TATGGGACCGAGCAGG-1","1"
"TATGGGTACGTATCGT-1","1"
"TATGGTCTGAGTAACA-1","5"
"TATGGTTAGTGGGAGA-1","2"
"TATGTAAAGTGCTTAA-1","4"
"TATGTAGAAACCCGGC-1","7"
"TATGTCAAGACCGACT-1","0"
"TATGTCTCATTGTGCC-1","1"
"TATTAACACCAAAGCA-1","4"
"TATTAACCTGACCGCG-1","7"
"TATTACCATCCTGCTT-1","3"
"TATTATGTTTGCCTGC-1","4"
"TATTCAATTCTAATCC-1","1"
"TATTCCACTCAGCTCG-1","4"
"TATTCCGAGCTGTTAT-1","3"
"TATTCCGGCAGTCCTA-1","0"
"TATTCCTCCGCCCACT-1","7"
"TATTCGTGCCAGAATA-1","5"
"TATTGCCGGGCTTGTA-1","3"
"TATTTAGTCTAGATCG-1","1"
"TATTTATACCGAGTAG-1","0"
"TATTTGATTTGCACAG-1","6"
"TATTTGTTACCCTTTA-1","1"
"TCAAACAACCGCGTCG-1","2"
"TCAAACTTAGATTGTT-1","1"
"TCAAATTTGAGACTCA-1","3"
"TCAACAAAGATAATTC-1","7"
"TCAACACATTGGGTAA-1","0"
"TCAACATAGCGCCCTA-1","4"
"TCAACATCGACCGAGA-1","9"
"TCAACCATGTTCGGGC-1","1"
"TCAACGAGGAGACAAA-1","4"
"TCAACGCAGGAAATAA-1","7"
"TCAACGCGACCGGCAG-1","5"
"TCAACTAACGTATAAC-1","5"
"TCAACTGCAGAGTCAG-1","0"
"TCAAGAAATACTAGCT-1","0"
"TCAAGCGCGGACGGTA-1","3"
"TCAAGGTTACTACACC-1","2"
"TCAATACGCCGTCATG-1","3"
"TCAATCCGGGAAGTTT-1","3"
"TCACAAACCGAGGTAC-1","3"
"TCACAGATCCTCAAAC-1","6"
"TCACAGCAAACTCGAA-1","4"
"TCACAGGAGAATAAGA-1","4"
"TCACAGGGAATCGCAA-1","9"
"TCACAGGTTATTGGGC-1","5"
"TCACATCTTATCTGAT-1","0"
"TCACCCTCTTAAGATT-1","8"
"TCACCGCTCGGCACTC-1","1"
"TCACGATGTCCGTGGA-1","7"
"TCACGCATTGTAGATC-1","5"
"TCACGGCCCAAGAGAG-1","7"
"TCACGGTCATCGCACA-1","1"
"TCACGTGCCCGATTCA-1","5"
"TCACTACGACCAATGC-1","2"
"TCACTATCGTGCAATC-1","6"
"TCACTCAGCGCATTAG-1","6"
"TCACTCGTGCAACGGC-1","2"
"TCAGAACCTCCACAGG-1","2"
"TCAGACGCTATAGAAG-1","1"
"TCAGCAAATGCATCTC-1","1"
"TCAGCAGTAGGCCCTG-1","4"
"TCAGCCAATCCGTAAA-1","0"
"TCAGGGCGCAAACTCG-1","2"
"TCAGGGTGCACGAAAC-1","2"
"TCAGGGTGTAACGTAA-1","1"
"TCAGGTTCTTTGAGAA-1","5"
"TCAGTACTGACCCGCG-1","5"
"TCAGTAGGGACTATAA-1","4"
"TCAGTGTATACGTCAT-1","7"
"TCAGTTACGGAATGAT-1","0"
"TCATACTTACAGATCC-1","6"
"TCATATGAGCTTTGTT-1","3"
"TCATCACTCGAGCTCG-1","6"
"TCATCCCAGAGGGTGG-1","0"
"TCATCGATGGTCCCAA-1","7"
"TCATGCAGGTTCTCAT-1","2"
"TCATTTAAGTCTCCGA-1","3"
"TCATTTAGAAGTGTGA-1","0"
"TCCAACTCAGCTATCT-1","3"
"TCCAACTTTAAATTCT-1","5"
"TCCAAGCCTAGACACA-1","3"
"TCCAATAAAGGCTACC-1","4"
"TCCACAATGGTTTACG-1","5"
"TCCACATCGTATATTG-1","4"
"TCCACCAAGACATAGG-1","3"
"TCCACCTCTAGCCTTT-1","4"
"TCCACTTTATCTAGGT-1","1"
"TCCAGAGCACCGGTTC-1","4"
"TCCAGCGCTATAAGCG-1","8"
"TCCAGGCGAGTACGGT-1","5"
"TCCAGGGTATATACGA-1","3"
"TCCATCAATACTAATC-1","7"
"TCCATTAGTTGGATAG-1","6"
"TCCATTGTGACCTCGT-1","2"
"TCCCAAACAGACAACG-1","0"
"TCCCAAAGACGAAGGA-1","1"
"TCCCAAAGCCCTAAAT-1","3"
"TCCCACGGAGGGAGCT-1","0"
"TCCCACTCTCTTCCGG-1","0"
"TCCCAGCTTTAGTCTG-1","5"
"TCCCAGGCTTAGCTAA-1","1"
"TCCCGCGTACTCCTGG-1","1"
"TCCCGGGTGTGCTGCT-1","5"
"TCCCGGTCAGGAATTT-1","6"
"TCCCGTCAGTCCCGCA-1","1"
"TCCCGTGTGCAATTTG-1","1"
"TCCCTAGATCAATAGG-1","0"
"TCCCTGGCGTATTAAC-1","7"
"TCCCTGGCTCGCTGGA-1","3"
"TCCCTTAGATTACTCG-1","0"
"TCCCTTGTCTGAAACT-1","3"
"TCCGAACTTGGCTTAC-1","6"
"TCCGAAGTAGTCACCA-1","6"
"TCCGAATGGTCCTGAG-1","0"
"TCCGACCGCTAATCAA-1","4"
"TCCGAGAAGGCTAAGC-1","6"
"TCCGATAATTGCCATA-1","1"
"TCCGATGACTGAGCTC-1","1"
"TCCGATGGTGCGACAT-1","1"
"TCCGATTACATTGCCG-1","5"
"TCCGCCTGTCTACAAG-1","8"
"TCCGCGGCAGCATCTG-1","1"
"TCCGCGGCCCAATGAA-1","2"
"TCCGCTGTCATCCCGG-1","1"
"TCCGCTTATCCCATTA-1","3"
"TCCGGAGGAAGGGCTG-1","8"
"TCCGGCCTAGCGTACA-1","8"
"TCCGGCCTGCATCGAT-1","0"
"TCCGGGCTTGACGGGA-1","3"
"TCCGGTTCGTCCGGTC-1","4"
"TCCGTAACCACAATCC-1","2"
"TCCGTTAAGCTAATAT-1","0"
"TCCGTTTAGCCTTGAA-1","1"
"TCCTAAATTGGGAAGC-1","3"
"TCCTAACCGTCGGGCA-1","4"
"TCCTACATCCACGGCC-1","1"
"TCCTAGCAAAGAAGCT-1","4"
"TCCTCCTAAGACATTC-1","4"
"TCCTCGGGCTGGGCTT-1","1"
"TCCTCTACGAGATGGC-1","5"
"TCCTCTCCAGTTGTCC-1","5"
"TCCTCTGGCCCATTAG-1","2"
"TCCTGCCAACTGGAGA-1","2"
"TCCTGCGTTGATACTC-1","5"
"TCCTGGCGCTGCCTGG-1","0"
"TCCTTACGACGGTCCG-1","2"
"TCCTTCAGTGGTCGAA-1","2"
"TCCTTGTCCTTTAATT-1","4"
"TCCTTTAAATCCGCTT-1","3"
"TCCTTTCTTACGCTTA-1","5"
"TCGAAATTTAGGACCA-1","5"
"TCGAAGAACCGAGCAC-1","0"
"TCGAATATCCCGCAGG-1","7"
"TCGACAACTGAACCCG-1","7"
"TCGAGACCAACACCGT-1","5"
"TCGAGCCAGGCAGGCC-1","4"
"TCGATAGGCTAGTCGC-1","0"
"TCGCAAAGATGCATTT-1","1"
"TCGCACCAGGAGGCAG-1","3"
"TCGCATAAAGGGCGCA-1","3"
"TCGCATCCCTAAGTGT-1","2"
"TCGCATTCAATGACTT-1","6"
"TCGCCCAACTGACTCC-1","3"
"TCGCCGAAGTTGCGTC-1","4"
"TCGCCGACATATTCGC-1","0"
"TCGCCGGTCGATCCGT-1","1"
"TCGCCTCGACCTGTTG-1","6"
"TCGCGTAGCAGTGTCC-1","1"
"TCGCGTCCAGAAGGTC-1","1"
"TCGCTAAACCGCTATC-1","0"
"TCGCTACTGGCTTTGA-1","3"
"TCGCTCGATATATTCC-1","1"
"TCGCTCGGCACCAGCG-1","2"
"TCGCTGGGCGGATTGT-1","1"
"TCGCTGTGCGTAAATC-1","0"
"TCGCTTTAAACGTTTG-1","1"
"TCGGAATGACCATCAA-1","0"
"TCGGAATGCGCTCTGA-1","5"
"TCGGACGCCCAGCCCA-1","1"
"TCGGAGAGTATCGGGA-1","4"
"TCGGAGTACATGAGTA-1","1"
"TCGGATCTGGATGACC-1","7"
"TCGGCGAACCCAAACC-1","0"
"TCGGCGTACTGCACAA-1","4"
"TCGGCTAACTTCCCTT-1","0"
"TCGGCTTGTATCGACG-1","3"
"TCGGGAACGTGCCTAG-1","2"
"TCGGGAGACAGCGTAC-1","3"
"TCGGGATTCAAACATA-1","3"
"TCGGGCACTTCTGGAT-1","6"
"TCGGGCCGTCGTGGTA-1","1"
"TCGGGTGAAACTGCTA-1","0"
"TCGGTCCCGACAATAG-1","4"
"TCGGTCCCTGACTCCA-1","2"
"TCGGTGACCGCTCCGG-1","0"
"TCGGTTAGCCATGTAG-1","0"
"TCGTAAGACGACATTG-1","1"
"TCGTAAGCTCCGAGGA-1","0"
"TCGTATAGTGCAATTA-1","2"
"TCGTATTACCCATTGC-1","5"
"TCGTATTTCGTCCGGA-1","2"
"TCGTCAAGTACGCGCA-1","4"
"TCGTCACACTGTTAGC-1","2"
"TCGTCCGCTGGCGTCT-1","1"
"TCGTCTTAGGCGTTAA-1","3"
"TCGTGTACTATGGATG-1","1"
"TCGTGTATTGGTCACG-1","6"
"TCGTGTCACGCTGACA-1","3"
"TCGTGTTCGACCACAA-1","6"
"TCGTTAGGAGTCCCTA-1","4"
"TCGTTCGTTATTATGT-1","2"
"TCGTTGCTATCCGGTC-1","7"
"TCGTTGGCTCGTCAAT-1","6"
"TCTAAAGAACAGTCTC-1","4"
"TCTAACTGTATGTAAA-1","3"
"TCTAATACTGCCTCAG-1","7"
"TCTACACGTTCATGCA-1","0"
"TCTACCCAATAGAGAG-1","0"
"TCTACCGTCCACAAGC-1","2"
"TCTAGCAATCTCCGCC-1","7"
"TCTAGCATCTTCGATG-1","1"
"TCTAGCATGCCCAGAA-1","3"
"TCTAGGTGGCGACGCT-1","0"
"TCTAGTGATATCGTGG-1","0"
"TCTAGTTATCAGAAGA-1","5"
"TCTATAGGTGGGTAAT-1","3"
"TCTATCATGCAGTTAC-1","2"
"TCTATCGGTCGCAACA-1","1"
"TCTATGCTATAACGAC-1","0"
"TCTATTACGCTGGCGA-1","0"
"TCTATTACTAGAGGAT-1","3"
"TCTCATGAGATAGGGT-1","3"
"TCTCCAACGTAGGTTA-1","1"
"TCTCCACAAGTTGAAT-1","6"
"TCTCCCTGGGCAGCGT-1","8"
"TCTCGAACGAGGTCAC-1","0"
"TCTCGACGTATCGCCG-1","0"
"TCTCGAGGAGGTTCGC-1","0"
"TCTCGGCTCCAGGACT-1","6"
"TCTCTAATAGCTGGTA-1","1"
"TCTCTCGCCGCACATA-1","6"
"TCTCTTACCGCGAACC-1","4"
"TCTGAACCGGTCGGCT-1","2"
"TCTGAACTCGTACCCG-1","2"
"TCTGAAGCACGTGGTC-1","3"
"TCTGAATTCCGTACAA-1","0"
"TCTGACTGTAATGGTT-1","6"
"TCTGAGCAATTGACTG-1","0"
"TCTGATGTATTCTGTC-1","3"
"TCTGCATACCTTGCTT-1","2"
"TCTGCCAGAAACTGCA-1","1"
"TCTGCGTCCGGTTTCT-1","2"
"TCTGGGAACCTTTGAA-1","3"
"TCTGGGTAGCGCTCAT-1","5"
"TCTGTCATACAAGAGC-1","0"
"TCTGTGACTGACCGTT-1","6"
"TCTGTGCCATCATAGT-1","1"
"TCTGTGGCTACATTTC-1","6"
"TCTGTTACCCAGCATA-1","7"
"TCTTACAGAGGTACCG-1","0"
"TCTTACCGGAACTCGT-1","0"
"TCTTACGGCATCCGAC-1","5"
"TCTTACTTATGCCTCT-1","2"
"TCTTAGAGCTCCAATT-1","2"
"TCTTAGAGTGAACTCT-1","2"
"TCTTATGGGTAGTACC-1","6"
"TCTTCCCATGGGCACA-1","2"
"TCTTCGAATAGACGTT-1","1"
"TCTTCGATACCAATAA-1","1"
"TCTTCTATAACCCGCC-1","2"
"TCTTGATGCGTAGCGA-1","4"
"TCTTGCTCCCGATACT-1","2"
"TCTTGGTAACACCAAA-1","1"
"TCTTTAAGACTATGAA-1","2"
"TCTTTAGAGTCTAACA-1","0"
"TCTTTCTCTTAAGGAG-1","0"
"TGAAACCTCAACTCAC-1","6"
"TGAAACTTATGCAAGC-1","0"
"TGAAAGGACCTGACTC-1","1"
"TGAACAAGCAGGGACT-1","4"
"TGAATACCGACGCGTA-1","3"
"TGAATGAGTGTTTCCC-1","4"
"TGAATGTCAGCCGGCC-1","0"
"TGACACTTCTCTTTGC-1","2"
"TGACAGGACAAGTCCA-1","4"
"TGACATCGAGCGGACC-1","3"
"TGACATGTAACGTGAC-1","4"
"TGACCAAATCTTAAAC-1","1"
"TGACCAGCTTCAAAGT-1","0"
"TGACCCAACTCACATT-1","8"
"TGACCCACGTTAGACA-1","5"
"TGACGAATATTTCCCT-1","3"
"TGACGATGCACTAGAA-1","2"
"TGACTATAATCCTTTC-1","1"
"TGACTCCGAATCATAC-1","7"
"TGAGAATGCTTTACCG-1","2"
"TGAGAGATTTACCACG-1","1"
"TGAGATCAAATACTCA-1","0"
"TGAGATTAGGCCCTAA-1","2"
"TGAGCAGTCGTGAAGT-1","6"
"TGAGCCATACAGTCTC-1","4"
"TGAGCGGAAAGTGTTC-1","3"
"TGAGCTTTAATGACGC-1","2"
"TGAGGAGTGCCAGCTT-1","3"
"TGAGGCATGTACTGTG-1","4"
"TGAGGTTGATCCCAAG-1","2"
"TGAGTAAATTAGCGTA-1","4"
"TGAGTGCCTCTTAAAT-1","7"
"TGAGTGGTCCGTGACG-1","1"
"TGAGTGTAACAACGGG-1","3"
"TGAGTTAAAGACATTC-1","9"
"TGATACATTTAGCCGT-1","7"
"TGATAGCGGGATTCTA-1","3"
"TGATCAGGGAACTGCT-1","1"
"TGATCCCAGCATTAGT-1","2"
"TGATCGGTTTGACCCT-1","1"
"TGATCTACGCTGATCT-1","2"
"TGATCTCCGGCGCCAG-1","8"
"TGATGGCTGTTTCTGA-1","0"
"TGATGGGACTAAGTCA-1","3"
"TGATGTCAATTAAGTG-1","0"
"TGATTATGGCACGCAG-1","6"
"TGATTCAGGTCCCGCG-1","5"
"TGATTCCCGGTTACCT-1","4"
"TGATTCGTCTATCACT-1","1"
"TGATTCTGTCGCCGGT-1","4"
"TGATTTATTAGCTGTG-1","5"
"TGATTTCCTCCTGACG-1","2"
"TGCAACCCATCTGCGG-1","0"
"TGCAAGAATGACGTAA-1","3"
"TGCAATCTAACACGGT-1","0"
"TGCAATTTGGGCACGG-1","2"
"TGCACAGTGAAGTTAT-1","2"
"TGCACGAGTCGGCAGC-1","2"
"TGCACTATGTGAGTGC-1","6"
"TGCAGAACTATATCGT-1","5"
"TGCAGAGTACCGAGCA-1","4"
"TGCAGATCGTCCTAGG-1","1"
"TGCAGCTACGTACTTC-1","1"
"TGCAGGATCGGCAAAG-1","1"
"TGCAGTGGTAGGGAAC-1","7"
"TGCAGTTTCCTCCCAT-1","1"
"TGCATATGTCTGTCAC-1","1"
"TGCATGGATCGGATCT-1","1"
"TGCATGTGACCCATAG-1","4"
"TGCATGTGGTAATCTA-1","1"
"TGCCAAAGTCAGACTT-1","1"
"TGCCAATGGGTACTCT-1","7"
"TGCCACCTGGCGAAAC-1","1"
"TGCCAGTACGTGGAGA-1","3"
"TGCCATGGCTTATAAG-1","0"
"TGCCATTACTAAAGAA-1","1"
"TGCCCGTACCGTTAAA-1","1"
"TGCCGGATGTACGAGC-1","4"
"TGCCGTGGATCGTCCT-1","4"
"TGCCTAATTGAAGATT-1","0"
"TGCCTGACATCGGTCA-1","8"
"TGCCTGATCAAACGAT-1","1"
"TGCCTTGGCCAGGCAA-1","3"
"TGCGAATATGGGATTT-1","9"
"TGCGACACCCTAGTGC-1","7"
"TGCGACGGCCGAACGT-1","7"
"TGCGAGAATATTACCC-1","7"
"TGCGAGCCCTTCCGCG-1","2"
"TGCGCAAAGCATTTGG-1","1"
"TGCGCGATTAACGGAG-1","5"
"TGCGGACTTGACTCCG-1","3"
"TGCGGAGTAAAGGTGC-1","2"
"TGCGGCATAGTTCAAC-1","2"
"TGCGGGTATTGGGATC-1","0"
"TGCGGTCTACGAGTAA-1","2"
"TGCGGTGAAATTTCAT-1","2"
"TGCGTAAGAACCTGAT-1","4"
"TGCGTCATGACTGAGC-1","7"
"TGCGTGATTGGGTGTC-1","6"
"TGCGTTTGTTGACACT-1","1"
"TGCTAAGTGTCTATTT-1","0"
"TGCTATACAAACGGAC-1","0"
"TGCTCCACAGTTCTTA-1","2"
"TGCTCGGCGAAACCCA-1","8"
"TGCTCGGTGGGTCACC-1","3"
"TGCTCTTGAGAGTTTG-1","1"
"TGCTGGTTGGACAATT-1","1"
"TGCTGTTGAAGAACTC-1","8"
"TGCTTAGAGAGAATGC-1","7"
"TGCTTCCCAAGCAGTA-1","3"
"TGGAAACGGAGTGAAC-1","6"
"TGGAACCACTGACACA-1","2"
"TGGAAGAAGGGAACGT-1","8"
"TGGAAGACGAACACCA-1","2"
"TGGAAGGATAAAGATG-1","2"
"TGGAATATCCTTGACC-1","2"
"TGGAATTAGACGCTTT-1","6"
"TGGACCAATCTAAGAT-1","3"
"TGGACGCAATCCAGCC-1","7"
"TGGACTGTTCGCTCAA-1","1"
"TGGAGAATAATCGTCC-1","4"
"TGGAGCTAAAGTTCCC-1","0"
"TGGAGTGATGCGATGA-1","5"
"TGGCAAACTAAATTAC-1","3"
"TGGCAACTCGCGCGCC-1","2"
"TGGCAAGCACAAGTCG-1","4"
"TGGCAATGGGACGGCG-1","0"
"TGGCACGAGCTCGAGT-1","0"
"TGGCAGATTACGATCA-1","4"
"TGGCAGCAGTAATAGT-1","5"
"TGGCATGAAGTTTGGG-1","4"
"TGGCCAAACTGAAGTA-1","4"
"TGGCCAATTTGGTACT-1","4"
"TGGCCGTATATTGACC-1","5"
"TGGCGACTGCTCCAAA-1","7"
"TGGCGATCAAGTTATG-1","4"
"TGGCGGTGTGCGATTG-1","6"
"TGGCTACACTCTACCT-1","3"
"TGGCTATGTGACATAC-1","3"
"TGGCTCTTGTCGCGTA-1","9"
"TGGCTTTGGGTAGACA-1","1"
"TGGGAAATGCCTTTCC-1","5"
"TGGGATGCACTCATTC-1","2"
"TGGGCAATAGTTGGGT-1","0"
"TGGGCACAAACAGAAC-1","0"
"TGGGCACGTTCTATGG-1","2"
"TGGGCAGGCCACCGCA-1","6"
"TGGGCCACAAGAGCGC-1","1"
"TGGGCCCATACTAATT-1","3"
"TGGGCCTTGCCTGCAT-1","6"
"TGGGCGATACAATAAG-1","4"
"TGGGTAAGGTTCCCGC-1","0"
"TGGTAAGCAGGATTGA-1","8"
"TGGTAGAATATATGGG-1","0"
"TGGTATCGCATCCCAA-1","0"
"TGGTATCGGTCTGTAT-1","3"
"TGGTCCCACGCTACGG-1","3"
"TGGTCTGTTGGGCGTA-1","5"
"TGGTGATCGTATTTGT-1","5"
"TGGTTAACTTACATTT-1","7"
"TGGTTCAACGGGTAAT-1","3"
"TGGTTCGTAGCAAAGG-1","1"
"TGGTTGGAGGATCCTG-1","2"
"TGGTTTAAACGTGGGT-1","0"
"TGTAACTTGTCAACCT-1","6"
"TGTAATGACCACAATA-1","1"
"TGTACCCGACCCTAAT-1","7"
"TGTACCTACACGAGGG-1","0"
"TGTACGAACAAATCCG-1","4"
"TGTACGCTATCAGCTT-1","0"
"TGTACTGTGCCAAAGT-1","6"
"TGTAGCCATCCCATTC-1","3"
"TGTAGGAGAAATTTCC-1","1"
"TGTAGTGATCTATAAT-1","0"
"TGTATAACAGATCCTG-1","1"
"TGTATCCTTATTCCAT-1","0"
"TGTATGGCGCAGACAG-1","2"
"TGTATTTACCTAATGC-1","0"
"TGTCATTTGTTGGGAA-1","0"
"TGTCCACGGCTCAACT-1","0"
"TGTCCCGACATAGCAC-1","0"
"TGTCCGTGGCGCCTTT-1","5"
"TGTCCTAAGTCACCGC-1","5"
"TGTCGGCATGGTGGAA-1","6"
"TGTCGTTATCACATAT-1","7"
"TGTCTACAGTTTCTGT-1","0"
"TGTGACTACGCCAGTC-1","1"
"TGTGAGACTAGCCCAA-1","3"
"TGTGATTCCAGCGCTT-1","0"
"TGTGCCGGTGCCGGAA-1","6"
"TGTGCTTTACGTAAGA-1","3"
"TGTGGAGGAAGCTTAA-1","6"
"TGTGGCAAAGCGTATG-1","1"
"TGTGGCGGGCTTCTGG-1","4"
"TGTGGCTCCCACCAAC-1","0"
"TGTGGTTGCTAAAGCT-1","4"
"TGTGTCGCGAGTTGCA-1","5"
"TGTGTTCGTATCCAAG-1","5"
"TGTTATTGTATGTGGC-1","1"
"TGTTCCGCTTCCATGA-1","5"
"TGTTCCGGCCTGAGCT-1","4"
"TGTTCGTATTGCGGTG-1","3"
"TGTTCTTCCATTGACT-1","5"
"TGTTGTCAAGAAGTCT-1","1"
"TGTTTAATACTTCATC-1","2"
"TGTTTCGGTACTTCTC-1","1"
"TGTTTCTGAAGCGTGC-1","7"
"TGTTTGAGATCGTCAG-1","0"
"TTAAACAGAGTCCCGC-1","6"
"TTAAACCGGTAGCGAC-1","2"
"TTAAACCTGGTTCCTT-1","9"
"TTAAACTCGAATTCAT-1","0"
"TTAACACCTCGAACAT-1","6"
"TTAACCAACCCTCCCT-1","1"
"TTAACGTCGCAAGACC-1","2"
"TTAACTCACGCGTGGA-1","9"
"TTAACTTCAGGTAGGA-1","4"
"TTAAGACGAACGAACC-1","0"
"TTAAGATAGGATTGAC-1","2"
"TTAAGCCGACAACTTC-1","2"
"TTAAGCGCCTGACCCA-1","5"
"TTAAGGATACGGAGGT-1","6"
"TTAAGGCCCGTACTTT-1","7"
"TTAAGTATTGTTATCC-1","0"
"TTAATCAGTACGTCAG-1","1"
"TTAATGCGAGGTAACT-1","0"
"TTAATGTAGACCAGGT-1","1"
"TTAATTGCTTTGGGTG-1","3"
"TTAATTTCAGACGCGG-1","1"
"TTACAACTACGCATCC-1","1"
"TTACACGATCTGCGAC-1","0"
"TTACAGACCTAAATGA-1","2"
"TTACATCGTGGCCTGG-1","5"
"TTACATGCCACAACTA-1","3"
"TTACCATTGATTACCC-1","5"
"TTACCCATTGCCGGGT-1","0"
"TTACCCTAACAGTCCT-1","2"
"TTACCCTAGGGATTGG-1","3"
"TTACCGCCTTAGGGAA-1","6"
"TTACGGATGGTTCGAG-1","2"
"TTACGGTGTCACCGAG-1","8"
"TTACGTAGCGCGTGCT-1","6"
"TTACTAAAGGACTTTA-1","3"
"TTACTATCGGCTTCTC-1","6"
"TTACTCCGGCCGGGAA-1","1"
"TTACTCTGGTACGTAC-1","4"
"TTACTGGGATATTTCA-1","4"
"TTACTGTTTCTCTACG-1","0"
"TTAGAAGAACATGACT-1","3"
"TTAGAATAAGGGTCGG-1","7"
"TTAGACACGATCGTTG-1","2"
"TTAGACGAGTCACCTC-1","1"
"TTAGAGTTTAGAAGGA-1","1"
"TTAGATAGGTCGATAC-1","6"
"TTAGCAACATGGATGT-1","9"
"TTAGCTAATACGATCT-1","0"
"TTAGCTCTGTAATCCG-1","2"
"TTAGCTGATTTGCCGT-1","2"
"TTAGGTCATAACCGAC-1","4"
"TTAGTAAACCTGCTCT-1","3"
"TTAGTAGGGCGGCGGG-1","3"
"TTAGTTATTCGTGGCA-1","8"
"TTAGTTCAAGTGTTCG-1","0"
"TTATAGATGCACATTA-1","8"
"TTATAGGTAATTGTCT-1","3"
"TTATATACGCTGTCAC-1","1"
"TTATATTTGGCAATCC-1","1"
"TTATCCAATCGAACTC-1","0"
"TTATCCGGGATCTATA-1","3"
"TTATCCTCAAGGAATA-1","7"
"TTATCGCCTGCGAAGC-1","2"
"TTATCTGACATTAGGA-1","3"
"TTATCTGTATCATAAC-1","1"
"TTATGAATGAAAGGGA-1","8"
"TTATGACAAACTGGAT-1","5"
"TTATGATCTTAACGAA-1","1"
"TTATGCGTCCCGGTCC-1","6"
"TTATGTTTGCGATAGA-1","5"
"TTATTAGAGCGTGTTC-1","1"
"TTATTAGGGAAGCATC-1","2"
"TTATTTCATCCCAAAC-1","6"
"TTCAAAGTCTCTAGCC-1","1"
"TTCAACGACCCGACCG-1","1"
"TTCAAGCCGAGCTGAG-1","0"
"TTCAATACTCTGAATC-1","1"
"TTCAATTAGCCATAAT-1","0"
"TTCACGAAAGGATCAC-1","5"
"TTCACTCGAGCACCTA-1","3"
"TTCACTTCCTAGAACG-1","4"
"TTCAGAGTAACCTGAC-1","6"
"TTCAGCCCTGGTCCAC-1","3"
"TTCAGCTGGCGTGCCC-1","2"
"TTCAGGCGTCAAAGCC-1","3"
"TTCAGTTCAAGAGGAG-1","4"
"TTCATAGCCTTGTAAC-1","5"
"TTCATGGCGCAACAGG-1","1"
"TTCCAATCAGAGCTAG-1","0"
"TTCCAATCTGGCTATC-1","7"
"TTCCACACAGATTTGA-1","7"
"TTCCACATTTCTCGTC-1","0"
"TTCCAGACGAGATTTA-1","6"
"TTCCATCATGCGGTGA-1","2"
"TTCCATCGACAGCGTG-1","0"
"TTCCCGACGCTTCACT-1","0"
"TTCCCGGCGCCAATAG-1","3"
"TTCCGCAGAGAAATAT-1","2"
"TTCCGCGTGAGGCGAT-1","3"
"TTCCGGCCTTGAGGCT-1","7"
"TTCCGGCTCGACTTCT-1","6"
"TTCCGGTATCTGTGTC-1","0"
"TTCCGGTTACCCACTT-1","1"
"TTCCTCGAGGGTGTCT-1","2"
"TTCCTCGGACTAACCA-1","3"
"TTCCTCTGCCCGAATA-1","1"
"TTCCTTTCTGTGTTGC-1","6"
"TTCGACAGAGCCCGTG-1","3"
"TTCGACGGGAAGGGCG-1","1"
"TTCGCACTCGCGTGCT-1","5"
"TTCGCACTGTACGACA-1","3"
"TTCGCATCCGGAAGCA-1","6"
"TTCGCCGCTCGCGCTA-1","7"
"TTCGCGCGCCATACGA-1","4"
"TTCGCTAGGAAGTTGT-1","0"
"TTCGCTATCTGACGTG-1","2"
"TTCGGACTGATGCCTT-1","0"
"TTCGGACTGGGCATGG-1","7"
"TTCGGCAACCCGCTGA-1","2"
"TTCGGCTAGAGATGGT-1","5"
"TTCGGGACTAATCGCG-1","5"
"TTCGGGCGCTAGTCTT-1","7"
"TTCGGTACTGTAGAGG-1","9"
"TTCGTAATCCCAGCGG-1","1"
"TTCGTACTCCAGAACG-1","5"
"TTCGTTCAACGAAGTT-1","2"
"TTCTAACCGAAGCTTA-1","1"
"TTCTACCTCAATCGGT-1","4"
"TTCTACCTTTATGTTG-1","0"
"TTCTACTTGCGAGGGC-1","0"
"TTCTAGAAAGTCTTAT-1","4"
"TTCTAGGCCAATTGTG-1","1"
"TTCTATTAAACGCAGC-1","4"
"TTCTCTTACAGGTGAT-1","7"
"TTCTGACCGGGCTCAA-1","3"
"TTCTGCCGCGCCTAGA-1","1"
"TTCTGCGAGCGCCCTT-1","3"
"TTCTGCGGGTTAGCGG-1","1"
"TTCTGCTAGACTCCAA-1","2"
"TTCTTAGTGAACGGTG-1","0"
"TTCTTAGTGGCTCAGA-1","1"
"TTCTTATCCGCTGGGT-1","2"
"TTCTTCCCTTTGATAT-1","0"
"TTCTTCGCAATAGAGC-1","0"
"TTCTTGAGCCGCGCTA-1","4"
"TTCTTGCTAGCATCTC-1","2"
"TTCTTGGACGATCTGC-1","7"
"TTCTTGGAGTAATGAG-1","1"
"TTCTTGTAACCTAATG-1","2"
"TTCTTTGGTCGCGACG-1","2"
"TTGAAAGGTGTAAAGG-1","0"
"TTGAACGAATCCTTTG-1","2"
"TTGAACGACGTGCTGA-1","0"
"TTGAAGAATTCCCAGG-1","5"
"TTGAAGGATGGGCGCC-1","7"
"TTGAATATGGACTTTC-1","1"
"TTGAATCGTTGTATAA-1","4"
"TTGAATTCACGTGAGG-1","2"
"TTGACAGGAGCTCCCG-1","0"
"TTGACATGAACGTGGA-1","4"
"TTGACCAGGAACAACT-1","3"
"TTGACCATGTTCTCCG-1","1"
"TTGACCGTGTTAATGA-1","7"
"TTGACGATTCAGCACG-1","0"
"TTGACGCTCCATGAGC-1","3"
"TTGACTACCATATGGT-1","4"
"TTGACTATTGTCCGGC-1","2"
"TTGAGAAGTTTAGCAT-1","0"
"TTGAGAGTACTGCTAA-1","7"
"TTGAGCAGCCCACGGT-1","0"
"TTGAGCGCCACGTGAT-1","2"
"TTGAGGCATTTAACTC-1","2"
"TTGATCTAACTTTGTC-1","3"
"TTGATGTGTAGTCCCG-1","1"
"TTGATTAGCTGTTTCT-1","4"
"TTGATTATGCAGATGA-1","5"
"TTGCAAGAAGACTCCT-1","3"
"TTGCACAATTCAGAAA-1","4"
"TTGCACGGAGCAGCAC-1","1"
"TTGCATGCTGATCACG-1","4"
"TTGCCAAGCAGAACCC-1","0"
"TTGCCATAGCCCGCTC-1","7"
"TTGCCCTGATCACGGG-1","5"
"TTGCCGCAGACCTACA-1","7"
"TTGCCGCTTTCTAGTA-1","3"
"TTGCCGGTGATCCCTC-1","2"
"TTGCCTAATCCAAAGT-1","7"
"TTGCGGCATCAGAAAG-1","7"
"TTGCGGCGACTCATGC-1","0"
"TTGCGTAGTTTGAGGA-1","1"
"TTGCGTCGGCCAACCG-1","4"
"TTGCGTGAACGCTTAG-1","2"
"TTGCTAGCTACCAATC-1","6"
"TTGCTCATAGTACGTG-1","3"
"TTGCTCCCATACCGGA-1","1"
"TTGCTGAAGGAACCAC-1","1"
"TTGCTGATCATGTTCG-1","5"
"TTGCTGCACCTATCCA-1","2"
"TTGCTGGCCGGGCTTC-1","2"
"TTGGAAGAATACAGTC-1","4"
"TTGGACATGTGGCTTA-1","5"
"TTGGACCATCTGGCAA-1","2"
"TTGGACCTATAACAGT-1","0"
"TTGGAGTCTCCCTTCT-1","8"
"TTGGATATCGTCTACG-1","4"
"TTGGATCGACTTCTGG-1","2"
"TTGGATTGGGTACCAC-1","9"
"TTGGCCATCTTGCGCT-1","6"
"TTGGCCTAGAATTTCG-1","0"
"TTGGCTCAATATGTGT-1","3"
"TTGGCTCGCATGAGAC-1","5"
"TTGGGAAGACGAGCCG-1","4"
"TTGGGACACTGCCCGC-1","1"
"TTGGGACGTAAGAGTT-1","0"
"TTGGGCGGCGGTTGCC-1","1"
"TTGGTCACACTCGTAA-1","4"
"TTGGTTGCGGTGCGCG-1","7"
"TTGTAAGGACCTAAGT-1","4"
"TTGTAAGGCCAGTTGG-1","1"
"TTGTAATCCGTACTCG-1","5"
"TTGTATCACACAGAAT-1","1"
"TTGTCGTTCAGTTACC-1","1"
"TTGTGAACCTAATCCG-1","8"
"TTGTGAGGCATGACGC-1","9"
"TTGTGCAGCCACGTCA-1","4"
"TTGTGGCCCTGACAGT-1","1"
"TTGTGGTAGGAGGGAT-1","4"
"TTGTGGTGGTACTAAG-1","3"
"TTGTGTATGCCACCAA-1","3"
"TTGTGTTTCCCGAAAG-1","3"
"TTGTTAGCAAATTCGA-1","1"
"TTGTTCAGTGTGCTAC-1","1"
"TTGTTGTGTGTCAAGA-1","2"
"TTGTTTCACATCCAGG-1","7"
"TTGTTTCATTAGTCTA-1","7"
"TTGTTTCCATACAACT-1","4"
"TTGTTTGTATTACACG-1","4"
"TTGTTTGTGTAAATTC-1","0"
